TICKER;PRECO;DY;P/L;P/VP;P/ATIVOS;MARGEM BRUTA;MARGEM EBIT;MARG. LIQUIDA;P/EBIT;EV/EBIT;DIVIDA LIQUIDA / EBIT;DIV. LIQ. / PATRI.;PSR;P/CAP. GIRO;P. AT CIR. LIQ.;LIQ. CORRENTE;ROE;ROA;ROIC;PATRIMONIO / ATIVOS;PASSIVOS / ATIVOS;GIRO ATIVOS;CAGR RECEITAS 5 ANOS;CAGR LUCROS 5 ANOS; LIQUIDEZ MEDIA DIARIA
AALR3;11,68;0,75;74,49;1,07;0,53;24,40;10,06;1,77;13,11;18,50;5,39;0,44;1,32;-97,62;-0,69;0,98;1,43;0,71;4,36;0,49;0,51;0,40;22,24;;15.206.060,03
ABCB4;15,04;3,26;6,70;0,81;0,07;4,20;2,22;8,62;25,98;25,98;;;0,58;112,95;-0,24;1,00;12,10;1,00;;0,08;0,92;0,12;5,50;8,66;14.893.272,72
ABEV3;14,85;3,30;21,94;3,24;2,06;57,74;28,59;20,26;15,55;14,90;-0,65;-0,14;4,45;39,82;-2,83;1,23;14,77;9,37;19,35;0,63;0,37;0,46;6,67;-0,28;371.913.739,76
ADHM3;2,48;;-6,50;-2,05;167,12;100,00;-13.548,48;-18.860,61;-9,05;-9,05;0,00;;1.225,54;-2,27;-184,67;0,00;31,47;-2.571,90;22,61;-81,72;82,72;0,14;;;184.633,55
AFLT3;11,19;0,94;28,55;3,21;3,06;64,59;63,12;63,86;28,88;26,56;-2,32;-0,26;18,23;9,08;-4,72;23,21;11,23;10,71;10,08;0,95;0,05;0,17;2,20;11,01;107.235,34
AGRO3;22,13;4,20;11,21;1,25;0,71;30,53;22,22;18,67;9,42;13,16;3,74;0,49;2,09;5,04;-1,00;1,96;11,11;6,34;7,68;0,57;0,43;0,34;29,55;;3.740.491,62
AHEB3;25,59;;-8,61;10,08;0,82;28,11;-15,63;-16,95;-9,33;;1,10;-1,19;1,46;-12,34;-1,00;0,73;-117,08;-9,47;-108,02;0,08;0,92;0,56;-10,10;;15.234,00
AHEB5;25,00;;-8,41;9,85;0,80;28,11;-15,63;-16,95;-9,12;;1,10;-1,19;1,43;-12,05;-0,97;0,73;-117,08;-9,47;-108,02;0,08;0,92;0,56;-10,10;;3.341,00
AHEB6;24,82;;-8,35;9,78;0,79;28,11;-15,63;-16,95;-9,05;;1,10;-1,19;1,42;-11,97;-0,97;0,73;-117,08;-9,47;-108,02;0,08;0,92;0,56;-10,10;;10.381,00
ALPA3;24,85;0,20;61,11;5,10;2,78;51,19;8,15;6,80;50,94;54,76;-1,11;-0,11;4,15;10,80;-6,71;1,79;8,35;4,55;6,00;0,55;0,45;0,67;1,55;-1,97;50.360,93
ALPA4;29,79;0,19;73,25;6,12;3,33;51,19;8,15;6,80;61,07;54,76;-1,11;-0,11;4,98;12,95;-8,04;1,79;8,35;4,55;6,00;0,55;0,45;0,67;1,55;-1,97;51.196.509,86
ALPK3;9,70;;-44,42;3,38;0,78;27,53;7,82;-8,54;48,51;87,15;38,65;2,69;3,79;-6,76;-0,87;0,46;-7,60;-1,76;1,74;0,23;0,77;0,21;;;1.062.803,48
ALSC3;27,75;;36,58;2,15;1,20;75,71;65,32;29,30;16,41;14,85;-1,56;-0,20;10,72;9,41;-1,43;5,39;5,88;3,29;11,21;0,56;0,44;0,11;2,54;10,07;
ALSO3;30,45;;64,26;1,06;0,74;71,07;39,35;14,34;23,42;19,16;-4,26;-0,19;9,22;5,27;-0,88;9,03;1,65;1,15;3,72;0,70;0,30;0,08;18,45;-27,08;53.132.410,34
ALUP11;24,29;1,36;5,19;0,91;0,36;49,37;47,57;29,42;3,21;5,56;2,35;0,67;1,53;2,44;-0,48;2,43;17,54;6,89;10,14;0,39;0,61;0,23;25,59;16,91;23.018.550,90
ALUP3;9,71;1,13;6,22;1,09;0,43;49,37;47,57;29,42;3,85;5,56;2,35;0,67;1,83;2,92;-0,57;2,43;17,54;6,89;10,14;0,39;0,61;0,23;25,59;16,91;207.732,00
ALUP4;7,24;1,52;4,64;0,81;0,32;49,37;47,57;29,42;2,87;5,56;2,35;0,67;1,36;2,18;-0,43;2,43;17,54;6,89;10,14;0,39;0,61;0,23;25,59;16,91;191.128,86
AMAR3;8,85;;-12,97;1,75;0,68;45,06;-0,34;-6,27;-240,10;-343,89;-103,79;0,76;0,81;2,89;-1,48;1,76;-13,49;-5,23;-1,33;0,39;0,61;0,83;-2,93;;67.513.052,66
ANDG3B;153,00;;318,25;11,82;10,00;47,12;179,06;45,82;81,43;41,65;0,93;0,13;145,82;-134,40;-10,27;0,26;3,71;3,14;12,68;0,85;0,15;0,07;10,22;-23,32;
ANDG4B;0,00;;0,00;0,00;0,00;47,12;179,06;45,82;0,00;41,65;0,93;0,13;0,00;0,00;0,00;0,26;3,71;3,14;12,68;0,85;0,15;0,07;10,22;-23,32;
ANIM3;25,76;;-43,02;1,72;0,85;44,54;5,91;-5,37;39,10;43,10;3,99;0,18;2,31;3,03;-1,38;3,81;-4,00;-1,98;2,39;0,50;0,50;0,37;11,24;;15.003.524,03
APER3;35,48;0,15;-183,81;2,31;1,55;100,00;-2,57;-2,36;-168,52;-135,74;32,78;-0,45;4,33;6,39;-2,55;2,61;-1,26;-0,84;-1,38;0,67;0,33;0,36;-16,64;-31,12;3.275.053,55
APTI3;0,00;;0,00;0,00;0,00;37,66;-33,28;-60,85;0,00;-7,04;-3,41;0,18;0,00;0,00;0,00;0,89;-9,40;-4,98;-5,04;0,53;0,47;0,08;-8,24;;
APTI4;3.500,00;;-2,99;0,28;0,15;37,66;-33,28;-60,85;-5,47;-7,04;-3,41;0,18;1,82;-8,50;-0,17;0,89;-9,40;-4,98;-5,04;0,53;0,47;0,08;-8,24;;
ARZZ3;52,30;0,68;28,85;6,30;2,50;46,23;13,74;9,83;20,64;20,63;-0,01;0,00;2,84;6,03;-9,74;2,26;21,82;8,65;13,02;0,40;0,60;0,88;9,79;7,54;32.332.449,10
ATMP3;4,94;;-0,25;33,45;0,07;-21,71;-36,65;-55,63;-0,38;-1,87;-1,49;131,38;0,14;-0,34;-0,09;0,51;-13.377,77;-27,13;-65,26;0,00;1,00;0,49;-21,09;;68.662,03
ATOM3;2,17;;9,55;5,13;2,42;100,00;20,57;44,32;20,58;14,80;-5,78;-1,44;4,23;2,61;-343,57;15,01;53,70;25,37;22,03;0,47;0,53;0,57;;;328.743,28
AZEV3;13,40;;-0,56;-0,29;1,31;-159,65;-329,52;-533,18;-0,90;-0,93;-0,42;;2,96;-0,37;-2,13;0,10;52,83;-235,32;55,34;-4,45;5,45;0,44;-64,98;;856.900,93
AZEV4;4,70;;-0,20;-0,10;0,46;-159,65;-329,52;-533,18;-0,32;-0,93;-0,42;;1,04;-0,13;-0,75;0,10;52,83;-235,32;55,34;-4,45;5,45;0,44;-64,98;;1.220.844,48
AZUL4;21,91;;-3,17;-2,86;1,47;-0,78;-11,73;-74,27;-20,10;-34,23;-14,13;;2,36;-4,46;-1,81;0,37;90,10;-46,19;-15,39;-0,51;1,51;0,62;14,54;;624.096.530,21
B3SA3;59,95;2,14;39,41;4,96;3,00;100,00;59,44;48,68;32,28;30,78;-1,50;-0,23;19,18;65,20;-4,22;1,19;12,58;7,61;10,47;0,61;0,39;0,16;23,81;22,64;589.233.150,14
BAHI3;96,99;;-11,80;2,03;0,52;37,60;-21,32;-22,67;-12,55;-11,65;0,90;-0,15;2,68;-8,22;-0,60;0,69;-17,21;-4,38;-13,86;0,25;0,75;0,19;;;199.805,79
BALM3;13,16;6,99;26,31;1,15;0,63;50,33;4,33;3,33;20,20;20,56;2,79;0,16;0,88;2,15;-1,65;1,91;4,37;2,40;1,55;0,55;0,45;0,72;5,12;-19,47;9.053,60
BALM4;9,99;9,21;19,97;0,87;0,48;50,33;4,33;3,33;15,34;20,56;2,79;0,16;0,66;1,63;-1,25;1,91;4,37;2,40;1,55;0,55;0,45;0,72;5,12;-19,47;15.029,71
BAUH4;90,00;0,95;17,50;6,55;3,88;25,27;8,87;14,91;29,40;27,19;-2,21;-0,49;2,61;22,33;-8,66;1,46;37,43;22,18;9,01;0,59;0,41;1,49;8,15;23,02;55.317,17
BAZA3;38,46;10,10;3,59;0,52;0,06;38,11;38,04;21,35;2,02;2,02;;;0,77;-0,15;-0,08;0,42;14,38;1,55;;0,11;0,89;0,07;6,35;8,48;154.822,17
BBAS3;34,14;5,39;5,70;0,96;0,06;13,61;3,41;11,90;19,90;19,90;;;0,68;-0,33;-0,13;0,75;16,80;1,03;;0,06;0,94;0,09;-2,23;7,20;711.190.019,62
BBDC3;20,45;8,40;9,00;1,40;0,15;-2,42;-6,38;22,82;-32,23;-33,66;;;2,05;-1,48;-0,28;0,83;15,55;1,62;;0,10;0,90;0,07;4,51;6,55;125.502.564,62
BBDC4;22,27;8,48;9,81;1,52;0,16;-2,42;-6,38;22,82;-35,09;-33,66;;;2,24;-1,61;-0,31;0,83;15,55;1,62;;0,10;0,90;0,07;4,51;6,55;1.168.233.072,21
BBML3;3.936,42;0,00;18.781,66;1.358,64;247,24;8,01;2,86;1,22;8.006,17;8.014,97;8,80;1,49;228,80;-64.594,08;-399,25;0,99;7,23;1,32;2,85;0,18;0,82;1,08;;;25.249.196.942,50
BBRK3;2,61;;-0,73;0,49;0,29;72,18;-99,07;-98,36;-0,72;-0,35;0,37;-0,25;0,71;3,26;-0,40;1,48;-67,42;-40,09;-70,11;0,59;0,41;0,41;-13,43;;3.564.227,00
BBSE3;27,72;10,11;8,49;9,09;4,76;;;;6,52;6,52;;;;40,75;-8,84;1,34;107,08;55,99;;0,52;0,48;0,00;;14,01;132.195.058,79
BDLL3;23,99;;-0,37;3,05;0,05;-30,98;-156,33;-193,35;-0,45;-2,97;-2,70;18,15;0,71;-0,23;-0,07;0,62;-831,33;-12,49;-35,48;0,02;0,98;0,06;-26,09;;23.990,00
BDLL4;8,50;;-0,13;1,08;0,02;-30,98;-156,33;-193,35;-0,16;-2,97;-2,70;18,15;0,25;-0,08;-0,02;0,62;-831,33;-12,49;-35,48;0,02;0,98;0,06;-26,09;;30.741,75
BEEF3;13,44;;20,51;11,28;0,41;19,26;8,70;1,82;4,28;7,82;3,54;9,32;0,37;1,32;-1,19;1,88;54,99;1,98;11,35;0,04;0,96;1,09;19,63;;108.028.967,83
BEES3;5,97;5,81;8,10;1,21;0,07;37,73;16,09;11,37;5,72;5,76;;;0,92;-0,49;-0,16;0,80;14,97;0,86;;0,06;0,94;0,08;3,69;8,54;179.629,41
BEES4;6,10;4,99;8,27;1,24;0,07;37,73;16,09;11,37;5,85;5,76;;;0,94;-0,50;-0,16;0,80;14,97;0,86;;0,06;0,94;0,08;3,69;8,54;44.887,93
BFRE11;0,00;;0,00;0,00;0,00;;;;0,00;;-12,33;-0,28;;0,00;0,00;13,26;6,67;6,42;-1,16;0,96;0,04;0,00;;;
BFRE12;0,00;;0,00;0,00;0,00;;;;0,00;;-12,33;-0,28;;0,00;0,00;13,26;6,67;6,42;-1,16;0,96;0,04;0,00;;;
BGIP3;44,10;1,23;8,30;1,50;0,12;59,25;16,75;11,97;5,93;5,14;;;0,99;-12,26;-0,32;0,99;18,03;1,39;;0,08;0,92;0,12;5,66;64,33;5.891,67
BGIP4;32,42;1,84;6,10;1,10;0,08;59,25;16,75;11,97;4,36;5,14;;;0,73;-9,01;-0,23;0,99;18,03;1,39;;0,08;0,92;0,12;5,66;64,33;119.948,28
BIDI11;50,40;0,49;208,61;5,53;1,13;51,80;0,04;6,49;33.550,31;33.550,31;;;13,54;11,63;-2,94;1,19;2,65;0,54;;0,21;0,79;0,08;;;34.722.625,90
BIDI3;15,90;0,52;197,43;5,23;1,07;51,80;0,04;6,49;31.752,98;33.550,31;;;12,81;11,00;-2,78;1,19;2,65;0,54;;0,21;0,79;0,08;;;7.896.822,10
BIDI4;17,33;0,48;215,19;5,70;1,17;51,80;0,04;6,49;34.608,75;33.550,31;;;13,96;11,99;-3,03;1,19;2,65;0,54;;0,21;0,79;0,08;;;37.061.920,03
BIOM3;17,85;;-18,19;8,06;2,97;20,69;-318,59;-372,35;-21,26;-23,57;-2,31;0,87;67,73;16,74;-4,39;2,21;-44,31;-16,32;-16,17;0,37;0,63;0,04;;;2.652.066,45
BKBR3;12,40;0,41;-278,67;1,63;0,82;61,65;1,71;-0,36;58,01;62,59;4,59;0,13;0,99;35,61;-1,04;1,12;-0,58;-0,30;1,36;0,51;0,49;0,83;433,99;;27.939.740,72
BMEB3;17,10;3,65;6,39;0,96;0,09;57,90;10,06;6,07;3,86;3,64;;;0,39;0,44;-0,21;1,58;15,02;1,41;;0,09;0,91;0,23;-5,92;;51.310,78
BMEB4;14,60;4,70;5,46;0,82;0,08;57,90;10,06;6,07;3,29;3,64;;;0,33;0,37;-0,18;1,58;15,02;1,41;;0,09;0,91;0,23;-5,92;;132.944,55
BMGB4;5,50;4,55;8,71;0,81;0,15;65,58;1,55;10,23;57,67;57,67;;;0,89;-0,39;-0,17;0,02;9,35;1,70;;0,18;0,72;0,17;;;7.457.071,83
BMIN3;20,80;6,73;35,09;0,81;0,51;77,15;28,22;21,75;27,05;26,89;;;7,63;3,35;-0,77;1,87;2,31;1,47;;0,63;0,37;0,07;5,44;-8,61;56.618,45
BMIN4;20,00;7,00;33,74;0,78;0,49;77,15;28,22;21,75;26,00;26,89;;;7,34;3,22;-0,74;1,87;2,31;1,47;;0,63;0,37;0,07;5,44;-8,61;46.390,52
BMKS3;188,00;3,24;33,61;0,48;0,43;26,71;-30,79;16,20;-17,68;11,75;29,43;-0,80;5,45;0,54;-2,43;28,58;1,44;1,27;-3,35;0,89;0,11;0,08;-13,82;-25,48;22.091,45
BNBR3;84,99;5,68;4,13;1,31;0,12;45,29;45,63;32,26;2,92;2,92;;;1,33;-3,31;-0,16;0,86;31,65;3,01;;0,10;0,90;0,09;4,71;18,37;56.310,96
BOBR3;0,00;;0,00;0,00;0,00;37,90;8,79;-0,79;0,00;5,85;2,73;;0,00;0,00;0,00;0,61;3,24;-1,23;570,23;-0,38;1,38;1,56;-1,67;;
BOBR4;2,37;;-73,66;-2,39;0,91;37,90;8,79;-0,79;6,62;5,85;2,73;;0,58;-3,34;-1,59;0,61;3,24;-1,23;570,23;-0,38;1,38;1,56;-1,67;;600.061,55
BPAC11;85,40;1,56;33,33;3,37;0,31;-2,33;11,26;17,24;51,05;51,05;;;5,75;3,07;-0,99;1,18;10,12;0,94;;0,09;0,91;0,05;-0,86;14,56;330.996.072,69
BPAC3;38,03;1,17;44,53;4,50;0,42;-2,33;11,26;17,24;68,20;51,05;;;7,68;4,10;-1,32;1,18;10,12;0,94;;0,09;0,91;0,05;-0,86;14,56;99.227,62
BPAC5;23,90;1,86;27,99;2,83;0,26;-2,33;11,26;17,24;42,86;51,05;;;4,83;2,58;-0,83;1,18;10,12;0,94;;0,09;0,91;0,05;-0,86;14,56;64.517,76
BPAN4;9,35;1,79;19,08;2,24;0,33;50,60;3,58;6,73;35,82;35,82;;;1,28;-1,78;-0,58;0,69;11,76;1,75;;0,15;0,85;0,26;8,37;49,77;61.650.563,41
BPAR3;182,07;7,71;5,55;1,22;0,19;76,82;31,24;18,60;3,30;3,30;;;1,03;-1,46;-0,40;0,81;22,01;3,34;;0,15;0,85;0,18;8,00;16,96;
BPAT33;0,00;;0,00;0,00;0,00;51,56;21,77;5,61;0,00;0,00;;;0,00;;0,00;;9,46;1,35;;0,14;0,86;0,24;14,99;-24,79;
BPHA3;0,62;;0,06;-0,24;0,99;98,02;1.029,99;13.896,67;0,80;1,66;0,85;;8,28;-0,38;-1,18;0,06;-402,50;1.669,02;-36,75;-4,15;5,15;0,12;-68,85;;
BRAP3;34,27;2,12;2.114,74;1,13;1,08;;;;-3.213,13;-3.420,26;-6,94;0,00;;43,05;-1,14;2,00;0,05;0,05;-0,04;0,95;0,05;0,00;;;496.337,76
BRAP4;37,56;2,13;2.317,76;1,24;1,19;;;;-3.521,59;-3.420,26;-6,94;0,00;;47,18;-1,25;2,00;0,05;0,05;-0,04;0,95;0,05;0,00;;;82.287.259,24
BRDT3;22,61;2,05;13,38;2,93;0,91;5,67;1,41;2,10;19,97;23,26;3,29;0,48;0,28;3,81;-1,92;1,85;21,87;6,83;1,76;0,31;0,69;3,25;-0,73;14,51;200.074.205,14
BRFS3;20,60;;13,16;2,46;0,35;25,15;9,56;3,63;5,00;9,39;4,39;2,16;0,48;5,32;-0,60;1,19;18,71;2,69;11,11;0,14;0,86;0,74;2,89;-33,13;207.739.023,24
BRGE11;13,99;2,49;13,11;0,57;0,33;-233,11;-1,67;268,48;-2.106,98;;1.169,06;-0,32;35,20;-3,62;-0,48;0,77;4,38;2,53;-0,63;0,58;0,42;0,01;3,11;2,66;10.288,80
BRGE12;6,20;;5,81;0,25;0,15;-233,11;-1,67;268,48;-933,76;;1.169,06;-0,32;15,60;-1,60;-0,21;0,77;4,38;2,53;-0,63;0,58;0,42;0,01;3,11;2,66;9.268,15
BRGE3;9,01;;8,44;0,37;0,21;-233,11;-1,67;268,48;-1.356,96;;1.169,06;-0,32;22,67;-2,33;-0,31;0,77;4,38;2,53;-0,63;0,58;0,42;0,01;3,11;2,66;16.089,48
BRGE5;21,50;1,35;20,15;0,88;0,51;-233,11;-1,67;268,48;-3.238,03;;1.169,06;-0,32;54,10;-5,56;-0,73;0,77;4,38;2,53;-0,63;0,58;0,42;0,01;3,11;2,66;29.783,33
BRGE6;11,65;5,97;10,92;0,48;0,28;-233,11;-1,67;268,48;-1.754,56;;1.169,06;-0,32;29,31;-3,01;-0,40;0,77;4,38;2,53;-0,63;0,58;0,42;0,01;3,11;2,66;3.474,00
BRGE7;5,40;7,52;5,06;0,22;0,13;-233,11;-1,67;268,48;-813,27;;1.169,06;-0,32;13,59;-1,40;-0,18;0,77;4,38;2,53;-0,63;0,58;0,42;0,01;3,11;2,66;
BRGE8;6,22;4,66;5,83;0,26;0,15;-233,11;-1,67;268,48;-936,77;;1.169,06;-0,32;15,65;-1,61;-0,21;0,77;4,38;2,53;-0,63;0,58;0,42;0,01;3,11;2,66;1.984,85
BRIV3;7,53;;10,55;0,45;0,05;21,41;7,56;5,71;7,96;8,02;;;0,60;0,49;-0,14;1,18;4,22;0,47;;0,11;0,89;0,08;-6,24;0,83;7.973,25
BRIV4;7,68;7,24;10,76;0,45;0,05;21,41;7,56;5,71;8,11;8,02;;;0,61;0,50;-0,14;1,18;4,22;0,47;;0,11;0,89;0,08;-6,24;0,83;50.103,57
BRKM3;24,62;3,41;-2,36;-6,85;0,25;11,65;-3,45;-15,99;-10,94;;-14,76;;0,38;3,36;-0,38;1,29;289,77;-10,76;-14,90;-0,04;1,04;0,67;3,00;;628.006,76
BRKM5;23,60;3,55;-2,26;-6,56;0,24;11,65;-3,45;-15,99;-10,48;;-14,76;;0,36;3,22;-0,37;1,29;289,77;-10,76;-14,90;-0,04;1,04;0,67;3,00;;94.027.903,62
BRKM6;18,91;3,21;-1,81;-5,26;0,20;11,65;-3,45;-15,99;-8,40;;-14,76;;0,29;2,58;-0,29;1,29;289,77;-10,76;-14,90;-0,04;1,04;0,67;3,00;;2.836,00
BRML3;11,27;7,33;7,31;0,84;0,52;89,40;159,17;108,24;4,97;6,04;1,07;0,18;7,91;13,19;-0,55;2,72;11,51;7,05;10,48;0,61;0,39;0,07;-1,04;18,24;150.273.510,52
BRPR3;9,98;0,86;9,94;0,68;0,49;100,00;213,72;138,29;6,43;7,13;0,70;0,07;13,74;4,13;-0,58;5,15;6,84;4,97;7,88;0,73;0,27;0,04;-14,64;3,09;33.277.115,38
BRQB3;0,00;;0,00;0,00;0,00;31,34;11,57;7,65;0,00;-1,10;-1,10;-0,46;0,00;0,00;0,00;2,94;27,79;12,66;17,67;0,46;0,54;1,65;-0,37;100,11;
BRSR3;16,40;5,86;5,23;0,83;0,08;43,04;13,62;13,17;5,06;;;;0,69;1,30;-2,30;1,07;15,89;1,55;;0,10;0,90;0,12;1,64;15,38;1.192.125,55
BRSR5;21,50;4,73;6,86;1,09;0,11;43,04;13,62;13,17;6,63;;;;0,90;1,71;-3,02;1,07;15,89;1,55;;0,10;0,90;0,12;1,64;15,38;27.121,62
BRSR6;14,37;6,69;4,58;0,73;0,07;43,04;13,62;13,17;4,43;;;;0,60;1,14;-2,02;1,07;15,89;1,55;;0,10;0,90;0,12;1,64;15,38;45.062.691,93
BSEV3;3,80;;-4,99;16,94;0,38;14,29;6,30;-13,09;10,37;25,45;15,08;24,62;0,65;19,78;-0,56;1,06;-339,41;-7,57;5,24;0,02;0,98;0,58;7,87;;752.330,10
BSLI3;199,90;1,26;15,75;4,12;0,41;72,25;26,42;19,74;11,77;9,82;;;3,11;-1,69;-0,59;0,54;26,19;2,63;;0,10;0,90;0,13;5,10;12,95;40.671,20
BSLI4;55,11;5,03;4,34;1,14;0,11;72,25;26,42;19,74;3,24;9,82;;;0,86;-0,46;-0,16;0,54;26,19;2,63;;0,10;0,90;0,13;5,10;12,95;11.022,00
BTOW3;120,24;;-219,86;11,20;3,91;29,67;1,59;-4,00;553,08;555,18;2,10;0,04;8,79;12,67;-9,45;2,11;-5,10;-1,78;-0,04;0,35;0,65;0,45;-3,20;;354.976.943,76
BTTL3;6,32;;11,15;9,58;0,69;15,54;3,79;1,86;5,47;7,49;2,02;3,53;0,21;-22,85;-1,11;0,93;85,93;6,18;28,74;0,07;0,93;3,32;-11,43;;24.225,64
BTTL4;11.091,73;;19.559,68;16.807,32;1.209,22;15,54;3,79;1,86;9.600,97;7,49;2,02;3,53;364,09;-40.094,72;-1.947,88;0,93;85,93;6,18;28,74;0,07;0,93;3,32;-11,43;;9.388.768.360,00
CALI3;98,18;;-2,37;13,04;0,45;-56,28;-318,34;-300,62;-2,23;-1,50;0,01;-0,05;7,11;1,16;-0,99;3,39;-551,34;-18,90;-463,36;0,03;0,97;0,06;-38,15;;
CALI4;50,21;;-1,21;6,67;0,23;-56,28;-318,34;-300,62;-1,14;-1,50;0,01;-0,05;3,64;0,59;-0,51;3,39;-551,34;-18,90;-463,36;0,03;0,97;0,06;-38,15;;25.105,00
CAMB3;4,70;;8,27;2,41;0,79;45,05;16,70;10,95;5,43;7,10;1,67;0,74;0,91;12,25;-1,47;1,16;29,12;9,56;19,23;0,33;0,67;0,87;-4,98;7,64;2.701.695,38
CAMB4;6,25;;11,00;3,20;1,05;45,05;16,70;10,95;7,22;7,10;1,67;0,74;1,21;16,29;-1,96;1,16;29,12;9,56;19,23;0,33;0,67;0,87;-4,98;7,64;453.862,40
CAML3;11,46;1,39;14,17;1,89;0,88;23,40;6,87;5,08;10,48;13,26;2,78;0,50;0,72;2,91;-2,01;2,17;13,31;6,22;9,32;0,47;0,53;1,22;7,98;17,95;17.584.419,76
CARD3;12,83;2,11;16,95;2,03;1,11;26,47;11,71;7,14;10,34;11,90;1,56;0,31;1,21;-155,72;-1,51;0,97;11,96;6,55;11,33;0,55;0,45;0,92;1,77;18,99;4.373.889,10
CASN3;18,00;;123,31;9,95;3,48;54,80;24,26;9,13;46,42;39,19;4,53;0,97;11,26;109,64;-4,07;1,28;8,07;2,82;8,12;0,35;0,65;0,31;8,58;9,88;
CASN4;8,88;;60,83;4,91;1,72;54,80;24,26;9,13;22,90;39,19;4,53;0,97;5,55;54,09;-2,01;1,28;8,07;2,82;8,12;0,35;0,65;0,31;8,58;9,88;1.100,00
CATA3;0,00;;0,00;0,00;0,00;12,23;-7,38;3,97;0,00;-2,88;-2,88;0,28;0,00;0,00;0,00;2,21;5,21;2,94;-7,10;0,57;0,43;0,74;-1,79;-8,60;
CATA4;0,00;;0,00;0,00;0,00;12,23;-7,38;3,97;0,00;-2,88;-2,88;0,28;0,00;0,00;0,00;2,21;5,21;2,94;-7,10;0,57;0,43;0,74;-1,79;-8,60;
CBEE3;16,00;2,49;9,25;0,72;0,24;16,61;10,16;4,90;4,46;11,38;6,92;1,12;0,45;-2,44;-0,33;0,72;7,82;2,64;5,56;0,34;0,66;0,54;5,20;7,47;8.995,67
CCPR3;16,48;0,29;23,71;0,85;0,52;65,17;57,18;23,50;9,74;12,36;2,62;0,23;5,57;3,88;-0,63;4,32;3,59;2,19;5,02;0,61;0,39;0,09;4,28;-8,25;4.914.351,03
CCRO3;14,50;5,26;21,79;3,22;0,86;41,71;32,72;12,42;8,27;12,20;3,93;1,53;2,71;-99,10;-1,10;0,96;14,79;3,97;9,42;0,27;0,73;0,32;7,44;1,11;137.582.377,93
CCXC3;1,16;;-0,46;-0,04;0,20;;;;-0,74;-0,72;0,02;;;-0,04;;0,16;8,09;-43,42;4,96;-5,37;6,37;0,00;;;45.760,33
CEAB3;11,57;2,19;21,59;1,32;0,62;48,71;7,13;3,16;9,58;13,39;3,82;0,52;0,68;6,08;-0,95;1,40;6,09;2,85;7,79;0,47;0,53;0,90;;;43.311.559,59
CEBR3;57,50;;4,34;0,81;0,23;18,07;10,95;6,03;2,39;;0,21;0,07;0,26;6,11;-0,42;1,09;18,77;5,37;20,38;0,29;0,71;0,89;6,64;;256.845,33
CEBR5;80,00;;6,04;1,13;0,32;18,07;10,95;6,03;3,33;;0,21;0,07;0,36;8,50;-0,59;1,09;18,77;5,37;20,38;0,29;0,71;0,89;6,64;;19.731,50
CEBR6;67,97;;5,13;0,96;0,28;18,07;10,95;6,03;2,83;;0,21;0,07;0,31;7,22;-0,50;1,09;18,77;5,37;20,38;0,29;0,71;0,89;6,64;;58.596,29
CEDO3;11,81;;-21,28;0,65;0,16;12,33;3,45;-0,79;4,87;12,70;8,71;1,16;0,17;-5,47;-0,28;0,94;-3,04;-0,75;3,58;0,25;0,75;0,95;3,73;;87.030,00
CEDO4;6,81;;-12,27;0,37;0,09;12,33;3,45;-0,79;2,81;12,70;8,71;1,16;0,10;-3,16;-0,16;0,94;-3,04;-0,75;3,58;0,25;0,75;0,95;3,73;;104.623,71
CEEB3;41,00;1,22;10,21;1,95;0,53;23,48;16,64;10,33;6,34;;4,71;1,45;1,05;9,51;-0,70;1,28;19,13;5,15;10,59;0,27;0,73;0,50;12,72;16,24;9.632,67
CEEB5;41,00;1,22;10,21;1,95;0,53;23,48;16,64;10,33;6,34;;4,71;1,45;1,05;9,51;-0,70;1,28;19,13;5,15;10,59;0,27;0,73;0,50;12,72;16,24;22.250,00
CEEB6;17.182,20;0,00;4.277,33;818,19;220,22;23,48;16,64;10,33;2.656,86;;4,71;1,45;442,02;3.983,54;-294,50;1,28;19,13;5,15;10,59;0,27;0,73;0,50;12,72;16,24;5.133.925.095,30
CEED3;80,00;;-0,58;-0,19;0,19;0,06;-12,95;-39,14;-1,74;-3,95;-2,20;;0,23;-0,23;-0,26;0,26;32,79;-32,50;15,19;-0,99;1,99;0,83;3,53;;27.556,22
CEED4;100,00;;-0,72;-0,24;0,23;0,06;-12,95;-39,14;-2,18;-3,95;-2,20;;0,28;-0,28;-0,33;0,26;32,79;-32,50;15,19;-0,99;1,99;0,83;3,53;;10.000,00
CEGR3;60,10;2,43;39,51;15,58;4,84;25,34;14,49;9,01;24,56;26,04;1,48;0,94;3,56;-64,20;-5,98;0,72;39,44;12,25;21,95;0,31;0,69;1,36;5,62;3,05;10.336,67
CEPE3;0,00;;0,00;0,00;0,00;17,45;9,46;3,04;0,00;;8,79;2,99;0,00;0,00;0,00;0,95;10,92;2,03;7,12;0,19;0,81;0,67;9,02;6,60;
CEPE5;27,00;2,34;11,06;1,21;0,22;17,45;9,46;3,04;3,55;;8,79;2,99;0,34;-13,11;-0,33;0,95;10,92;2,03;7,12;0,19;0,81;0,67;9,02;6,60;79.005,00
CEPE6;20,00;3,47;8,19;0,90;0,17;17,45;9,46;3,04;2,63;;8,79;2,99;0,25;-9,71;-0,24;0,95;10,92;2,03;7,12;0,19;0,81;0,67;9,02;6,60;18.000,00
CESP3;33,20;5,57;7,91;1,54;0,83;42,22;50,40;82,03;12,87;;1,03;0,12;6,49;43,87;-0,92;1,23;19,52;10,48;-1,57;0,54;0,46;0,13;-20,20;15,73;453.549,14
CESP5;32,90;5,62;7,84;1,53;0,82;42,22;50,40;82,03;12,75;;1,03;0,12;6,43;43,47;-0,91;1,23;19,52;10,48;-1,57;0,54;0,46;0,13;-20,20;15,73;67.714,47
CESP6;29,22;6,33;6,96;1,36;0,73;42,22;50,40;82,03;11,33;;1,03;0,12;5,71;38,61;-0,81;1,23;19,52;10,48;-1,57;0,54;0,46;0,13;-20,20;15,73;73.300.369,14
CGAS3;184,00;8,57;15,77;31,94;2,88;34,28;24,67;15,84;10,13;;1,91;6,02;2,50;268,33;-4,08;1,04;202,51;18,25;27,94;0,09;0,91;1,15;8,30;17,45;47.674,92
CGAS5;173,00;10,03;14,83;30,03;2,71;34,28;24,67;15,84;9,52;;1,91;6,02;2,35;252,29;-3,83;1,04;202,51;18,25;27,94;0,09;0,91;1,15;8,30;17,45;982.024,59
CGRA3;26,50;6,61;4,11;0,90;0,65;53,12;21,15;27,63;5,37;4,75;-0,60;-0,10;1,14;2,88;-1,07;2,36;21,84;15,86;11,90;0,73;0,27;0,57;3,42;16,83;52.141,57
CGRA4;26,29;6,66;4,08;0,89;0,65;53,12;21,15;27,63;5,33;4,75;-0,60;-0,10;1,13;2,86;-1,06;2,36;21,84;15,86;11,90;0,73;0,27;0,57;3,42;16,83;251.998,14
CIEL3;4,91;1,58;11,13;1,44;0,16;46,45;22,14;23,59;11,87;12,17;0,31;0,04;2,63;2,02;-1,06;1,10;12,95;1,42;4,32;0,11;0,89;0,06;7,99;-11,13;299.739.671,97
CLSC3;60,08;2,91;6,53;1,49;0,25;13,04;7,15;4,44;4,05;6,25;2,23;0,82;0,29;4,47;-0,35;1,23;22,88;3,77;13,06;0,16;0,84;0,85;4,99;-11,18;21.794,83
CLSC4;59,50;3,23;6,47;1,48;0,24;13,04;7,15;4,44;4,01;6,25;2,23;0,82;0,29;4,43;-0,35;1,23;22,88;3,77;13,06;0,16;0,84;0,85;4,99;-11,18;2.472.584,79
CMIG3;11,95;2,30;7,67;1,10;0,35;22,03;9,57;8,90;7,13;12,46;5,50;0,85;0,68;6,40;-0,44;1,35;14,36;4,51;4,16;0,31;0,69;0,51;5,38;-0,06;22.697.807,38
CMIG4;11,52;2,38;7,39;1,06;0,33;22,03;9,57;8,90;6,87;12,46;5,50;0,85;0,66;6,17;-0,42;1,35;14,36;4,51;4,16;0,31;0,69;0,51;5,38;-0,06;110.147.172,48
CMSA3;0,00;;0,00;0,00;0,00;;;;0,00;1,01;1,01;-1,28;;0,00;0,00;262,56;-122,42;-92,61;-126,18;0,76;0,24;0,00;;;
CMSA4;0,00;;0,00;0,00;0,00;;;;0,00;1,01;1,01;-1,28;;0,00;0,00;262,56;-122,42;-92,61;-126,18;0,76;0,24;0,00;;;
CNSY3;70.379,80;;2.849.145,70;54.396,08;10.843,06;23,70;5,02;0,47;267.665,04;267.677,15;12,11;2,46;13.427,61;-57.931,01;-11.804,25;0,30;1,91;0,38;4,94;0,20;0,80;0,81;19,24;;1.416.190.008,83
CNTO3;33,32;;25,02;6,81;2,15;49,16;17,19;12,76;18,57;17,89;-0,67;-0,25;3,19;38,92;-3,02;1,24;27,22;8,60;28,71;0,32;0,68;0,67;;;84.193.161,41
COCE3;50,00;4,25;8,10;1,22;0,43;15,79;11,79;8,61;5,91;;3,72;0,76;0,70;43,37;-0,59;1,04;15,00;5,28;9,43;0,35;0,65;0,61;8,25;9,99;11.332,33
COCE5;56,60;3,75;9,17;1,38;0,48;15,79;11,79;8,61;6,69;;3,72;0,76;0,79;49,09;-0,67;1,04;15,00;5,28;9,43;0,35;0,65;0,61;8,25;9,99;1.350.306,14
COCE6;0,00;;0,00;0,00;0,00;15,79;11,79;8,61;0,00;;3,72;0,76;0,00;0,00;0,00;1,04;15,00;5,28;9,43;0,35;0,65;0,61;8,25;9,99;
COGN3;8,64;0,44;-357,39;0,89;0,45;59,20;11,52;-0,67;20,65;32,41;11,76;0,50;2,38;5,12;-0,54;1,97;-0,25;-0,13;2,45;0,50;0,50;0,19;13,24;-24,68;465.679.779,41
CORR3;12,00;;-0,19;-0,07;0,02;98,53;-79,59;-72,54;-0,18;0,88;1,61;;0,14;0,04;-0,07;24,65;33,53;-12,34;44,02;-0,37;1,37;0,17;-33,38;;
CORR4;69,00;;-1,12;-0,37;0,14;98,53;-79,59;-72,54;-1,02;0,88;1,61;;0,81;0,22;-0,41;24,65;33,53;-12,34;44,02;-0,37;1,37;0,17;-33,38;;10.850,00
CPFE3;30,34;;11,34;2,40;0,73;22,41;16,14;10,24;7,20;10,73;3,53;1,18;1,16;9,86;-1,00;1,36;21,20;6,40;9,31;0,30;0,70;0,62;11,46;25,40;104.644.814,45
CPLE3;58,82;3,81;6,26;0,89;0,42;27,65;19,90;12,62;3,97;;2,02;0,45;0,79;5,88;-0,53;1,53;14,21;6,72;10,77;0,47;0,53;0,53;3,14;9,08;21.372.568,93
CPLE5;42,24;9,34;4,49;0,64;0,30;27,65;19,90;12,62;2,85;;2,02;0,45;0,57;4,23;-0,38;1,53;14,21;6,72;10,77;0,47;0,53;0,53;3,14;9,08;
CPLE6;60,52;4,08;6,44;0,91;0,43;27,65;19,90;12,62;4,08;;2,02;0,45;0,81;6,05;-0,54;1,53;14,21;6,72;10,77;0,47;0,53;0,53;3,14;9,08;70.892.943,24
CPRE3;18,23;;55,72;2,06;0,80;45,86;29,64;8,62;16,21;23,13;6,92;0,88;4,80;-48,30;-0,91;0,88;3,70;1,44;5,56;0,39;0,61;0,17;9,10;;11.670,67
CRDE3;21,79;56,84;-13,02;0,40;0,31;73,62;-24,61;-66,40;-35,14;2,69;37,83;-0,43;8,65;1,05;-0,59;2,61;-3,06;-2,37;-1,41;0,77;0,23;0,04;11,36;;88.639,14
CREM3;14,50;;32,70;2,45;0,67;30,30;7,39;2,10;9,28;13,11;3,84;1,01;0,69;4,89;-1,69;1,29;7,50;2,05;9,29;0,27;0,73;0,98;1,09;;
CRFB3;20,20;1,20;32,13;2,65;0,96;20,55;4,50;2,02;14,40;16,05;1,65;0,30;0,65;15,99;-1,72;1,16;8,24;2,97;8,56;0,36;0,64;1,47;10,32;12,50;100.487.118,31
CRIV3;5,65;0,62;7,84;0,60;0,08;51,51;17,05;12,04;5,54;5,85;;;0,94;0,56;-0,19;1,37;7,70;1,07;;0,14;0,86;0,09;-5,15;14,18;60.565,72
CRIV4;6,40;6,41;8,88;0,68;0,10;51,51;17,05;12,04;6,27;5,85;;;1,07;0,64;-0,21;1,37;7,70;1,07;;0,14;0,86;0,09;-5,15;14,18;21.200,00
CRPG3;26,01;0,54;7,30;1,29;0,92;25,38;16,70;17,56;7,68;;-1,20;-0,20;1,28;1,39;-4,27;6,51;17,61;12,62;16,20;0,72;0,28;0,72;8,35;;6.731,29
CRPG5;22,90;0,61;6,43;1,13;0,81;25,38;16,70;17,56;6,76;;-1,20;-0,20;1,13;1,22;-3,76;6,51;17,61;12,62;16,20;0,72;0,28;0,72;8,35;;208.890,31
CRPG6;23,39;0,60;6,57;1,16;0,83;25,38;16,70;17,56;6,91;;-1,20;-0,20;1,15;1,25;-3,84;6,51;17,61;12,62;16,20;0,72;0,28;0,72;8,35;;23.405,36
CSAB3;45,01;6,89;24,33;2,25;0,90;52,53;44,81;225,19;122,28;126,34;;;54,79;8,04;-1,19;1,81;9,24;3,69;;0,40;0,60;0,02;-27,17;-14,21;22.404,00
CSAB4;48,00;7,11;25,95;2,40;0,96;52,53;44,81;225,19;130,40;126,34;;;58,43;8,57;-1,27;1,81;9,24;3,69;;0,40;0,60;0,02;-27,17;-14,21;4.800,00
CSAN3;74,40;2,01;13,51;2,57;0,88;30,23;26,39;15,54;7,95;10,74;2,79;0,90;2,10;6,29;-1,24;1,97;19,00;6,54;12,15;0,34;0,66;0,42;10,73;31,02;127.229.129,45
CSMG3;58,03;3,08;10,10;1,07;0,63;42,41;22,46;13,94;6,27;8,51;2,24;0,38;1,41;8,37;-0,76;1,76;10,62;6,22;8,94;0,59;0,41;0,45;4,54;18,85;56.238.107,93
CSNA3;11,23;2,74;18,42;2,88;0,30;30,31;9,92;3,42;6,34;18,84;12,49;5,68;0,63;6,45;-0,41;1,20;15,65;1,60;3,34;0,10;0,90;0,47;9,54;;131.976.297,48
CSRN3;17,90;0,78;10,07;2,61;0,70;23,55;17,58;11,69;6,69;;3,43;1,34;1,18;6,48;-0,91;1,91;25,97;6,97;13,38;0,27;0,73;0,60;10,15;5,29;7.626,75
CSRN5;21,00;0,73;11,81;3,07;0,82;23,55;17,58;11,69;7,85;;3,43;1,34;1,38;7,61;-1,07;1,91;25,97;6,97;13,38;0,27;0,73;0,60;10,15;5,29;2.100,00
CSRN6;18,49;0,83;10,40;2,70;0,72;23,55;17,58;11,69;6,91;;3,43;1,34;1,22;6,70;-0,94;1,91;25,97;6,97;13,38;0,27;0,73;0,60;10,15;5,29;1.849,00
CTCA3;0,00;;0,00;0,00;0,00;57,42;7,92;7,92;0,00;-6,25;-6,25;-0,20;0,00;0,00;0,00;2,86;3,25;2,45;1,49;0,75;0,25;0,31;26,66;30,12;
CTKA3;16,05;;4,62;-0,39;0,26;38,92;12,37;6,16;2,30;13,40;11,41;;0,28;0,91;-0,65;1,86;-8,33;5,53;15,90;-0,66;1,66;0,90;0,27;;81.964,84
CTKA4;12,02;;3,46;-0,29;0,19;38,92;12,37;6,16;1,72;13,40;11,41;;0,21;0,68;-0,49;1,86;-8,33;5,53;15,90;-0,66;1,66;0,90;0,27;;121.440,59
CTNM3;11,15;;-0,86;0,21;0,08;29,97;-1,35;-21,78;-13,78;-64,05;-53,51;0,81;0,19;1,34;-0,13;1,20;-24,41;-9,38;-3,13;0,38;0,62;0,43;-5,30;;108.705,24
CTNM4;6,35;;-0,49;0,12;0,05;29,97;-1,35;-21,78;-7,85;-64,05;-53,51;0,81;0,11;0,76;-0,07;1,20;-24,41;-9,38;-3,13;0,38;0,62;0,43;-5,30;;306.162,83
CTSA3;3,45;;25,76;1,32;0,60;21,63;8,33;3,17;9,80;;5,21;0,70;0,82;4,23;-1,15;1,42;5,12;2,32;7,48;0,45;0,55;0,73;2,57;61,71;269.553,31
CTSA4;3,13;;23,37;1,20;0,54;21,63;8,33;3,17;8,89;;5,21;0,70;0,74;3,84;-1,04;1,42;5,12;2,32;7,48;0,45;0,55;0,73;2,57;61,71;131.640,52
CTSA8;0,00;;0,00;0,00;0,00;21,63;8,33;3,17;0,00;;5,21;0,70;0,00;0,00;0,00;1,42;5,12;2,32;7,48;0,45;0,55;0,73;2,57;61,71;
CVCB3;22,00;1,90;14,35;2,37;0,47;91,91;25,37;11,99;6,79;9,12;2,34;0,81;1,72;1,97;-1,72;1,49;16,48;3,30;14,69;0,20;0,80;0,28;21,43;18,82;165.402.883,86
CYRE3;28,03;3,71;21,50;2,15;1,09;31,73;14,84;13,47;19,52;21,65;2,13;0,24;2,90;3,45;-2,39;2,38;10,00;5,06;6,33;0,51;0,49;0,38;-7,54;-8,46;210.350.608,17
DASA3;70,00;0,80;-2.222,32;8,40;2,90;32,79;5,43;-0,32;129,31;140,53;11,22;0,73;7,02;37,31;-3,98;1,41;-0,38;-0,13;2,48;0,35;0,65;0,41;10,10;9,52;25.932,25
DIRR3;17,46;2,86;23,96;1,93;0,55;34,36;12,97;7,98;14,74;15,60;0,86;0,11;1,91;1,51;-1,07;4,24;8,04;2,32;6,41;0,29;0,71;0,29;-4,50;-12,25;24.178.370,66
DMMO3;1,56;;-0,87;-0,49;0,33;-0,30;-77,66;-112,41;-1,26;-3,27;-2,00;;0,98;-1,05;-0,40;0,34;55,81;-38,17;226,42;-0,68;1,68;0,34;-15,03;;19.238.316,21
DOHL3;10,80;;25,24;1,10;0,88;24,71;0,83;5,41;165,42;133,06;-12,81;-0,09;1,37;2,20;-1,66;6,68;4,37;3,49;-2,60;0,80;0,20;0,65;4,74;-5,49;1.080,00
DOHL4;6,24;;14,59;0,64;0,51;24,71;0,83;5,41;95,58;133,06;-12,81;-0,09;0,79;1,27;-0,96;6,68;4,37;3,49;-2,60;0,80;0,20;0,65;4,74;-5,49;37.136,00
DTCY3;6,25;;-6,71;8,06;1,59;23,93;-27,16;-44,45;-10,98;-10,22;0,13;-0,09;2,98;-7,52;-2,20;0,57;-120,08;-23,73;-52,76;0,20;0,80;0,53;-1,40;;57.809,92
DTCY4;0,00;;0,00;0,00;0,00;23,93;-27,16;-44,45;0,00;-10,22;0,13;-0,09;0,00;0,00;0,00;0,57;-120,08;-23,73;-52,76;0,20;0,80;0,53;-1,40;;
DTEX3;15,41;2,42;24,57;2,23;1,02;27,46;13,77;8,51;15,18;18,12;2,93;0,43;2,09;6,05;-1,57;1,92;9,08;4,14;7,46;0,46;0,54;0,49;4,69;0,61;53.170.810,28
EALT3;13,40;0,41;19,05;1,80;0,73;22,33;8,60;5,84;12,94;11,43;3,25;0,45;1,11;-248,56;-1,29;0,99;9,44;3,83;7,98;0,41;0,59;0,66;11,80;20,01;111.990,93
EALT4;4,70;1,28;6,68;0,63;0,26;22,33;8,60;5,84;4,54;11,43;3,25;0,45;0,39;-87,18;-0,45;0,99;9,44;3,83;7,98;0,41;0,59;0,66;11,80;20,01;359.029,31
ECOR3;14,29;;-46,50;13,77;0,68;39,60;21,82;-4,25;9,05;16,85;7,79;11,85;1,98;-4,57;-0,84;0,57;-29,60;-1,45;6,25;0,05;0,95;0,34;6,12;;74.398.328,90
ECPR3;78,20;;-2,25;0,92;0,53;;;;-2,57;-2,59;0,02;-0,01;;81,24;-0,53;3,16;-40,74;-23,42;-35,84;0,57;0,43;0,00;;;7.820,00
ECPR4;81,00;;-2,33;0,95;0,55;;;;-2,66;-2,59;0,02;-0,01;;84,15;-0,55;3,16;-40,74;-23,42;-35,84;0,57;0,43;0,00;;;12.095,00
EEEL3;340,00;3,17;16,60;1,40;636,08;43,93;36,70;18,69;8,45;9,20;0,70;0,12;3,10;5,75;-0,81;2,08;8,46;3.831,12;12,20;452,84;547,16;205,03;10,14;;67.227,45
EEEL4;429,99;2,75;21,00;1,78;804,43;43,93;36,70;18,69;10,69;9,20;0,70;0,12;3,92;7,27;-1,02;2,08;8,46;3.831,12;12,20;452,84;547,16;205,03;10,14;;113.799,67
EGIE3;42,94;3,56;15,52;5,19;1,12;41,02;43,49;22,44;8,01;10,92;2,91;1,89;3,48;24,33;-1,45;1,25;33,46;7,19;15,39;0,21;0,79;0,32;8,66;10,81;92.462.819,41
EKTR3;19,90;1,65;7,31;1,37;0,46;19,09;14,15;7,90;4,08;8,05;3,93;1,32;0,58;5,43;-0,68;1,36;18,79;6,29;10,52;0,33;0,67;0,80;7,24;2,43;8.976,67
EKTR4;20,20;1,79;7,42;1,39;0,47;19,09;14,15;7,90;4,14;8,05;3,93;1,32;0,59;5,51;-0,69;1,36;18,79;6,29;10,52;0,33;0,67;0,80;7,24;2,43;7.838,86
ELEK3;19,11;2,25;24,46;2,66;1,07;11,39;2,82;2,53;21,94;31,96;5,75;0,70;0,62;3,75;-2,60;1,94;10,87;4,36;4,38;0,40;0,60;1,72;1,48;;11.501,50
ELEK4;26,00;1,65;33,27;3,62;1,45;11,39;2,82;2,53;29,86;31,96;5,75;0,70;0,84;5,10;-3,53;1,94;10,87;4,36;4,38;0,40;0,60;1,72;1,48;;52.244,08
ELET3;36,27;;5,86;0,80;0,32;74,35;29,31;34,37;6,88;;4,37;0,51;2,02;3,14;-0,42;1,74;13,57;5,43;5,75;0,40;0,60;0,16;-1,65;;172.225.337,76
ELET5;41,00;;6,63;0,90;0,36;74,35;29,31;34,37;7,77;;4,37;0,51;2,28;3,55;-0,47;1,74;13,57;5,43;5,75;0,40;0,60;0,16;-1,65;;8.090,00
ELET6;37,09;;6,00;0,81;0,33;74,35;29,31;34,37;7,03;;4,37;0,51;2,06;3,21;-0,43;1,74;13,57;5,43;5,75;0,40;0,60;0,16;-1,65;;105.631.365,62
ELPL3;49,32;;11,28;2,38;0,34;12,38;12,38;5,79;5,28;6,86;1,58;0,71;0,65;12,60;-0,45;1,13;21,06;3,01;16,82;0,14;0,86;0,52;6,77;;
EMAE3;25,35;2,82;11,47;0,94;0,61;16,33;5,12;18,63;41,73;31,31;-15,03;-0,34;2,14;1,90;-1,02;5,14;8,16;5,32;-0,32;0,65;0,35;0,29;23,78;;
EMAE4;30,00;2,62;13,58;1,11;0,72;16,33;5,12;18,63;49,39;31,31;-15,03;-0,34;2,53;2,24;-1,20;5,14;8,16;5,32;-0,32;0,65;0,35;0,29;23,78;;197.635,62
EMBR3;8,06;;-2,48;0,35;0,10;14,79;-5,02;-22,61;-11,16;-8,15;3,01;-0,09;0,56;0,55;-0,58;1,30;-14,10;-4,19;-9,24;0,30;0,70;0,19;-6,86;;159.762.201,90
ENAT3;10,98;10,41;12,10;0,93;0,61;31,44;18,28;20,20;13,36;5,92;-7,44;-0,52;2,44;1,71;-1,14;4,03;7,73;5,00;5,50;0,65;0,35;0,25;17,18;2,03;24.597.931,48
ENBR3;17,72;3,30;7,47;1,03;0,40;19,25;15,16;9,26;4,56;7,11;2,54;0,57;0,69;6,71;-0,53;1,29;13,73;5,29;9,85;0,39;0,61;0,57;11,35;12,08;41.434.204,03
ENEV3;47,77;;23,23;2,11;1,09;39,62;29,84;18,74;14,59;18,39;3,80;0,55;4,35;12,19;-1,32;2,01;9,07;4,68;8,10;0,52;0,48;0,25;11,78;;79.572.688,52
ENGI11;47,57;1,26;17,61;2,45;0,42;16,21;11,86;4,92;7,31;13,78;6,47;2,17;0,87;9,30;-0,57;1,20;13,93;2,36;7,59;0,17;0,83;0,48;19,08;11,59;73.236.097,45
ENGI3;12,22;0,98;22,62;3,15;0,53;16,21;11,86;4,92;9,39;13,78;6,47;2,17;1,11;11,95;-0,73;1,20;13,93;2,36;7,59;0,17;0,83;0,48;19,08;11,59;109.448,34
ENGI4;8,84;1,36;16,37;2,28;0,39;16,21;11,86;4,92;6,79;13,78;6,47;2,17;0,81;8,64;-0,53;1,20;13,93;2,36;7,59;0,17;0,83;0,48;19,08;11,59;178.055,93
ENMA3B;50,49;6,04;12,57;2,83;1,15;34,74;21,33;17,20;10,13;;1,41;0,39;2,16;7,62;-1,84;1,68;22,48;9,15;12,66;0,41;0,59;0,53;8,84;14,09;249.508,00
ENMA6B;0,00;;0,00;0,00;0,00;34,74;21,33;17,20;0,00;;1,41;0,39;0,00;0,00;0,00;1,68;22,48;9,15;12,66;0,41;0,59;0,53;8,84;14,09;
ENMT3;30,00;2,37;12,83;2,91;0,78;20,67;15,99;10,36;8,31;12,70;4,39;1,54;1,33;19,51;-1,15;1,14;22,70;6,06;10,45;0,27;0,73;0,59;13,13;41,49;40.552,76
ENMT4;30,00;0,10;12,83;2,91;0,78;20,67;15,99;10,36;8,31;12,70;4,39;1,54;1,33;19,51;-1,15;1,14;22,70;6,06;10,45;0,27;0,73;0,59;13,13;41,49;135.135,52
EQPA3;3,60;4,17;15,09;2,33;0,71;28,66;16,41;9,42;8,66;;2,27;0,61;1,42;3,66;-1,06;2,42;15,42;4,69;10,09;0,30;0,70;0,50;7,01;6,33;387.820,38
EQPA5;6,70;1,79;28,07;4,33;1,32;28,66;16,41;9,42;16,11;;2,27;0,61;2,64;6,81;-1,97;2,42;15,42;4,69;10,09;0,30;0,70;0,50;7,01;6,33;22.854,92
EQPA6;10,60;1,42;44,42;6,85;2,08;28,66;16,41;9,42;25,49;;2,27;0,61;4,18;10,78;-3,11;2,42;15,42;4,69;10,09;0,30;0,70;0,50;7,01;6,33;1.374,50
EQPA7;6,00;2,50;25,14;3,88;1,18;28,66;16,41;9,42;14,43;;2,27;0,61;2,37;6,10;-1,76;2,42;15,42;4,69;10,09;0,30;0,70;0,50;7,01;6,33;20.978,23
EQTL3;24,44;;8,31;2,39;0,63;31,73;24,52;15,13;5,13;7,55;2,42;1,13;1,26;5,35;-0,89;1,66;28,83;7,53;13,29;0,26;0,74;0,50;22,53;28,32;172.329.245,59
ESTR3;20,00;;-0,50;-0,03;0,08;49,51;7,14;-30,23;2,12;8,71;5,24;;0,15;-0,03;-0,14;0,16;6,65;-15,39;-1,72;-2,31;3,31;0,51;-11,86;;
ESTR4;38,98;;-0,98;-0,07;0,15;49,51;7,14;-30,23;4,14;8,71;5,24;;0,30;-0,07;-0,26;0,16;6,65;-15,39;-1,72;-2,31;3,31;0,51;-11,86;;12.497,50
ETER3;4,18;;-107,04;-12,25;0,39;14,27;10,14;-0,42;4,45;6,78;2,33;;0,45;-28,11;-0,70;0,97;11,45;-0,37;-8,02;-0,03;1,03;0,87;-12,96;;3.930.959,97
EUCA3;26,25;;24,51;1,77;0,99;28,63;10,82;6,45;14,61;10,12;2,79;0,34;1,58;-488,11;-1,37;0,99;7,20;4,02;5,69;0,56;0,44;0,62;6,48;19,12;895.335,34
EUCA4;6,50;;6,07;0,44;0,24;28,63;10,82;6,45;3,62;10,12;2,79;0,34;0,39;-120,86;-0,34;0,99;7,20;4,02;5,69;0,56;0,44;0,62;6,48;19,12;1.003.076,10
EVEN3;13,77;1,05;21,98;1,51;0,58;25,06;8,35;7,23;19,04;21,94;2,90;0,23;1,59;1,27;-2,51;2,48;6,86;2,64;3,43;0,39;0,61;0,37;-2,81;-12,22;40.506.376,34
EZTC3;42,39;0,69;27,30;2,47;2,21;41,32;28,16;38,84;37,65;32,70;-4,96;-0,33;10,60;5,22;-4,46;6,18;9,06;8,09;5,96;0,89;0,11;0,21;-3,30;-9,33;120.132.548,07
FBMC3;0,00;;0,00;0,00;0,00;-60,76;-92,67;-101,97;0,00;-0,74;-0,67;;0,00;0,00;0,00;0,31;24,19;-36,57;25,82;-1,51;2,51;0,36;-18,14;;
FBMC4;1,96;;-0,09;-0,02;0,03;-60,76;-92,67;-101,97;-0,10;-0,74;-0,67;;0,09;-0,04;-0,05;0,31;24,19;-36,57;25,82;-1,51;2,51;0,36;-18,14;;
FESA3;25,55;2,78;12,90;1,34;0,80;18,06;12,22;13,70;14,47;13,90;1,98;0,18;1,77;7,52;-1,09;1,64;10,35;6,16;5,56;0,60;0,40;0,45;9,09;19,29;11.447,30
FESA4;18,79;4,15;9,49;0,98;0,58;18,06;12,22;13,70;10,64;13,90;1,98;0,18;1,30;5,53;-0,80;1,64;10,35;6,16;5,56;0,60;0,40;0,45;9,09;19,29;8.007.834,41
FHER3;3,29;;0,33;-1,02;0,11;9,29;-6,07;37,67;-2,04;-3,40;-1,36;;0,12;0,95;-0,21;1,35;-310,92;34,78;1.005,87;-0,11;1,11;0,92;-27,63;141,43;1.011.784,34
FIGE3;0,00;;0,00;0,00;0,00;100,00;93,46;44,00;0,00;-0,18;-0,18;-0,01;0,00;0,00;0,00;16,07;2,95;2,95;4,49;1,00;0,00;0,07;;-6,38;
FIGE4;0,00;;0,00;0,00;0,00;100,00;93,46;44,00;0,00;-0,18;-0,18;-0,01;0,00;0,00;0,00;16,07;2,95;2,95;4,49;1,00;0,00;0,07;;-6,38;
FLEX3;0,00;;0,00;0,00;0,00;28,94;-0,79;-5,29;0,00;-35,14;-35,14;3,31;0,00;0,00;0,00;1,11;-63,18;-5,92;-7,18;0,09;0,91;1,12;24,52;;
FLRY3;25,44;3,68;28,94;4,97;1,57;29,22;17,73;9,54;15,57;17,16;1,58;0,51;2,76;11,77;-2,16;1,94;17,16;5,41;13,14;0,32;0,68;0,57;11,59;29,49;56.724.169,79
FNCN3;0,00;;0,00;0,00;0,00;99,28;-40,55;-46,46;0,00;0,00;;;0,00;0,00;0,00;17,94;-6,66;-6,26;;0,94;0,06;0,13;-22,05;;
FRAS3;5,51;2,00;35,19;1,45;0,72;26,24;7,95;2,46;10,90;13,11;2,22;0,29;0,87;2,79;-1,28;2,46;4,11;2,05;5,42;0,50;0,50;0,83;12,30;-6,17;763.931,97
FRIO3;114,00;;-6,06;8,17;0,26;17,77;9,31;-5,16;3,36;8,69;5,33;12,96;0,31;51,71;-0,95;1,01;-134,80;-4,27;8,81;0,03;0,97;0,83;10,93;;45.937,78
FRTA3;4,95;;14,87;-0,15;0,28;25,02;-8,04;6,32;-11,69;-86,36;-74,66;;0,94;-0,13;-0,34;0,07;-0,99;1,89;32,12;-1,92;2,92;0,30;-29,82;;56.026,83
FTRT3B;0,00;;0,00;0,00;0,00;;;;0,00;0,00;0,00;0,00;;0,00;0,00;0,00;-0,95;-0,90;-2,42;0,95;0,05;0,00;;;
GBIO33;10,28;;-18,63;1,35;0,78;44,90;5,59;-7,94;26,47;31,89;5,42;0,28;1,48;8,14;-1,42;1,27;-7,25;-4,17;0,74;0,58;0,42;0,52;12,83;-38,45;3.840.857,97
GEPA3;41,85;7,92;13,27;2,34;0,88;41,94;37,37;20,49;7,27;8,13;0,37;0,12;2,72;-16,49;-1,28;0,86;17,60;6,60;14,01;0,37;0,63;0,32;2,48;-2,91;205.946,07
GEPA4;46,00;7,21;14,59;2,57;0,96;41,94;37,37;20,49;8,00;8,13;0,37;0,12;2,99;-18,12;-1,41;0,86;17,60;6,60;14,01;0,37;0,63;0,32;2,48;-2,91;22.949,26
GFSA3;6,42;;109,32;0,87;0,31;34,98;8,11;1,87;25,21;36,56;11,35;0,39;2,04;1,06;-1,01;1,70;0,80;0,28;-0,25;0,35;0,65;0,15;-24,01;;69.509.014,31
GGBR3;13,79;1,02;24,06;0,81;0,39;9,76;6,87;2,54;8,89;15,15;5,27;0,48;0,61;2,27;-0,59;2,03;3,36;1,63;4,76;0,48;0,52;0,64;-1,40;-3,95;2.244.213,48
GGBR4;16,10;0,87;28,09;0,94;0,46;9,76;6,87;2,54;10,38;15,15;5,27;0,48;0,71;2,64;-0,69;2,03;3,36;1,63;4,76;0,48;0,52;0,64;-1,40;-3,95;272.275.369,55
GNDI3;63,75;0,26;79,99;5,88;2,88;27,50;11,04;5,30;38,43;38,49;0,06;0,01;4,24;-458,09;-3,66;0,97;7,36;3,61;8,32;0,49;0,51;0,68;;;271.321.063,62
GOAU3;6,67;1,20;7,43;0,25;0,12;9,76;6,85;2,51;2,73;8,19;5,28;0,48;0,19;0,69;-0,18;2,04;3,32;1,61;4,74;0,48;0,52;0,64;-1,40;1,60;908.096,07
GOAU4;7,32;1,09;8,16;0,27;0,13;9,76;6,85;2,51;2,99;8,19;5,28;0,48;0,20;0,76;-0,20;2,04;3,32;1,61;4,74;0,48;0,52;0,64;-1,40;1,60;114.256.776,07
GOLL4;20,90;;365,65;-6,28;4,20;29,27;15,38;1,29;30,75;34,37;3,62;;4,73;-9,03;-6,10;0,40;-1,72;1,15;-210,00;-0,67;1,67;0,89;6,61;;377.144.709,79
GPAR3;29,00;;23,55;-1,39;1,54;50,19;59,41;43,02;17,06;16,75;-0,31;;10,13;5,92;-2,16;11,32;-5,91;6,56;-5,80;-1,11;2,11;0,15;32,73;;9.900,08
GPCP3;43,17;;9,12;1,26;0,31;20,67;8,37;3,50;3,81;5,93;2,35;0,78;0,32;5,27;-0,49;1,19;13,85;3,43;16,23;0,25;0,75;0,98;16,77;;842.738,03
GPCP4;0,00;;0,00;0,00;0,00;20,67;8,37;3,50;0,00;5,93;2,35;0,78;0,00;0,00;0,00;1,19;13,85;3,43;16,23;0,25;0,75;0,98;16,77;;
GPIV33;4,90;;-0,57;0,17;0,13;100,00;190,11;215,12;-0,64;0,80;1,44;-0,37;;0,46;-0,19;11,14;-29,33;-23,05;-26,08;0,79;0,21;-0,11;17,48;110,83;1.270.808,41
GRND3;7,89;3,36;15,88;1,98;1,69;45,81;17,80;22,19;19,79;16,84;-2,95;-0,29;3,52;3,37;-4,50;5,14;12,45;10,66;8,44;0,86;0,14;0,48;-1,50;0,40;13.410.551,07
GSHP3;52,88;;-0,32;-0,33;0,06;67,92;86,47;-270,80;1,01;14,18;13,17;;0,87;0,66;-0,07;1,58;103,58;-17,64;4,67;-0,17;1,17;0,07;-11,13;;77.450,52
GUAR3;17,91;2,83;17,33;1,72;0,75;63,04;9,20;6,60;12,45;14,65;2,20;0,31;1,14;3,18;-1,75;1,69;9,95;4,31;7,81;0,43;0,57;0,65;10,55;4,30;29.541.536,69
HAGA3;3,75;;16,52;-0,58;0,80;23,06;19,41;11,86;10,10;7,90;0,62;;1,96;2,14;-4,17;1,86;-3,51;4,84;-10,58;-1,38;2,38;0,41;-8,09;-12,85;229.674,41
HAGA4;2,18;;9,60;-0,34;0,47;23,06;19,41;11,86;5,87;7,90;0,62;;1,14;1,24;-2,42;1,86;-3,51;4,84;-10,58;-1,38;2,38;0,41;-8,09;-12,85;1.090.934,41
HAPV3;60,47;0,29;55,40;6,05;3,51;38,76;16,62;12,56;41,86;42,03;0,17;0,02;6,96;54,59;-4,47;1,43;10,92;6,34;8,49;0,58;0,42;0,50;;;141.406.158,31
HBOR3;3,35;;-43,00;1,42;0,51;13,39;1,99;-3,96;85,72;119,05;33,33;0,55;1,70;1,03;-1,77;3,29;-3,30;-1,19;0,03;0,36;0,64;0,30;-4,23;;81.684.499,24
HBTS5;9,50;0,51;-1,12;0,36;0,07;-7,58;-965,78;-880,58;-1,02;-2,42;-1,40;0,50;9,83;-1,91;-0,08;0,75;-32,54;-6,33;-27,39;0,19;0,81;0,01;;;10.014,75
HETA3;4,01;;0,57;-0,01;0,20;100,00;78,55;306,50;2,23;357,16;353,19;;1,75;-0,05;-0,21;0,01;-0,94;35,35;3,91;-37,74;38,74;0,12;-21,42;-46,73;
HETA4;8,75;;1,24;-0,01;0,44;100,00;78,55;306,50;4,86;357,16;353,19;;3,81;-0,11;-0,46;0,01;-0,94;35,35;3,91;-37,74;38,74;0,12;-21,42;-46,73;109.440,52
HGTX3;16,14;4,71;15,16;1,87;1,37;43,23;8,94;11,96;20,29;17,94;-2,34;-0,22;1,81;3,07;-4,30;2,90;12,32;9,04;7,37;0,73;0,27;0,76;-1,59;-7,61;58.429.874,69
HOOT3;0,00;;0,00;0,00;0,00;63,44;-144,94;-176,16;0,00;-0,14;0,03;;0,00;0,00;0,00;0,05;38,49;-32,22;32,28;-0,84;1,84;0,18;-11,72;;
HOOT4;2,81;;-0,33;-0,13;0,11;63,44;-144,94;-176,16;-0,40;-0,14;0,03;;0,58;-0,09;-0,11;0,05;38,49;-32,22;32,28;-0,84;1,84;0,18;-11,72;;34.803,55
HYPE3;32,31;3,55;18,90;2,32;1,69;65,56;25,03;29,01;21,90;21,66;-0,25;-0,03;5,48;6,49;-2,77;3,00;12,30;8,93;7,29;0,73;0,27;0,31;3,54;23,65;122.016.514,21
IDNT3;6,33;;159,32;29,26;7,89;;;;319,76;318,83;-0,93;-0,09;;-593,29;-8,31;0,79;18,37;4,95;-6,32;0,27;0,73;0,00;;;2.540.065,38
IDVL3;2,84;;-1,95;0,85;0,08;7,36;-64,05;-80,07;-2,44;-2,46;;;1,56;0,40;-0,23;1,52;-43,75;-4,34;;0,10;0,90;0,05;-32,17;;343.294,03
IDVL4;3,40;;-2,34;1,02;0,10;7,36;-64,05;-80,07;-2,92;-2,46;;;1,87;0,48;-0,27;1,52;-43,75;-4,34;;0,10;0,90;0,05;-32,17;;54.879,48
IGBR3;2,76;;-0,43;-0,04;0,14;80,50;-149,59;-1.334,49;-3,82;-108,83;-105,00;;5,72;-0,39;-0,14;0,03;8,83;-32,33;-25,21;-3,66;4,66;0,02;-8,75;;302.799,07
IGSN3;0,00;;0,00;0,00;0,00;37,20;21,99;5,76;0,00;5,56;5,56;1,28;0,00;0,00;0,00;1,22;6,04;2,07;7,82;0,34;0,66;0,36;9,74;21,41;
IGTA3;36,54;1,14;23,79;2,15;1,09;64,95;64,32;36,85;13,63;17,07;3,44;0,54;8,77;9,59;-1,33;2,86;9,02;4,60;6,76;0,51;0,49;0,12;5,50;6,38;91.892.308,62
INEP3;6,75;;-0,12;-0,03;0,04;15,22;-2.431,23;-3.432,24;-0,17;-2,23;-2,06;;4,21;-0,03;-0,05;0,12;22,38;-32,03;23,55;-1,43;2,43;0,01;-53,72;;30.150,93
INEP4;6,50;;-0,12;-0,03;0,04;15,22;-2.431,23;-3.432,24;-0,17;-2,23;-2,06;;4,06;-0,03;-0,05;0,12;22,38;-32,03;23,55;-1,43;2,43;0,01;-53,72;;71.390,93
INNT3;0,00;;0,00;0,00;0,00;31,03;15,40;14,27;0,00;2,43;2,43;1,24;0,00;0,00;0,00;2,09;47,32;5,45;14,62;0,12;0,88;0,38;62,50;37,41;
IRBR3;9,20;2,32;6,03;2,42;0,45;15,08;11,94;20,60;10,41;10,41;;;1,24;-14,24;-1,58;0,96;40,07;7,52;;0,19;0,81;0,37;17,19;24,00;720.764.181,41
ITEC3;40,10;;-35,12;22,04;9,22;-121,18;-18.852,94;-7.435,88;-13,85;-13,21;0,64;-1,02;2.611,73;25,42;-16,70;5,23;-62,76;-26,24;-174,07;0,42;0,58;0,00;-75,29;;
ITSA3;11,59;7,51;10,70;1,77;1,52;27,44;195,65;178,72;9,77;9,12;0,10;0,02;19,12;24,82;-1,68;2,58;16,57;14,16;16,32;0,85;0,15;0,08;-0,05;5,31;2.835.379,66
ITSA4;10,23;8,50;9,44;1,56;1,34;27,44;195,65;178,72;8,63;9,12;0,10;0,02;16,87;21,90;-1,49;2,58;16,57;14,16;16,32;0,85;0,15;0,08;-0,05;5,31;325.569.035,55
ITUB3;25,27;7,96;10,08;1,73;0,13;51,18;5,65;11,19;19,95;20,70;;;1,13;;-0,14;;17,13;1,33;;0,08;0,92;0,12;8,39;4,93;28.482.300,52
ITUB4;27,20;7,39;10,85;1,86;0,14;51,18;5,65;11,19;21,47;20,70;;;1,21;;-0,15;;17,13;1,33;;0,08;0,92;0,12;8,39;4,93;1.163.189.156,24
JBDU3;3,44;;-3,98;0,26;0,09;;;;-4,90;-4,53;-1,31;0,07;;-0,54;-0,09;0,00;-6,42;-2,27;-4,88;0,35;0,65;0,00;;;107.692,48
JBDU4;1,67;;-1,93;0,12;0,04;;;;-2,38;-4,53;-1,31;0,07;;-0,26;-0,04;0,00;-6,42;-2,27;-4,88;0,35;0,65;0,00;;;192.347,48
JBSS3;22,84;2,37;-105,51;1,86;0,41;15,41;6,50;-0,27;4,43;8,48;4,05;1,70;0,29;2,50;-0,66;1,74;-1,76;-0,39;12,07;0,22;0,78;1,41;11,17;21,85;399.148.983,21
JFEN3;4,50;;-1,11;1,82;0,27;-62,75;-409,71;-433,10;-1,17;-2,66;-1,49;2,31;4,79;0,98;-1,39;1,52;-164,02;-24,39;-46,98;0,15;0,85;0,06;-36,70;;771.539,93
JHSF3;9,44;0,88;18,41;1,99;1,03;49,43;89,60;48,44;9,95;11,18;1,22;0,25;8,92;13,54;-1,21;2,09;10,83;5,60;11,02;0,52;0,48;0,12;1,62;49,95;109.139.424,17
JOPA3;27,00;;12,94;0,42;0,16;27,77;4,71;1,77;4,87;13,87;8,99;0,78;0,23;0,58;-0,42;1,78;3,27;1,22;3,36;0,37;0,63;0,69;3,46;-6,68;8.280,40
JOPA4;28,00;;13,41;0,44;0,16;27,77;4,71;1,77;5,05;13,87;8,99;0,78;0,24;0,60;-0,43;1,78;3,27;1,22;3,36;0,37;0,63;0,69;3,46;-6,68;20.288,25
JPSA3;25,15;;9,16;0,73;0,37;64,99;60,86;32,74;4,93;8,68;3,75;0,56;3,00;3,28;-0,45;2,70;7,99;4,01;6,19;0,50;0,50;0,12;5,51;;8.852.569,52
JSLG3;27,51;0,89;33,31;2,48;0,27;21,32;9,88;1,75;5,88;15,44;9,56;4,04;0,58;1,12;-0,48;2,13;7,45;0,80;5,12;0,11;0,89;0,46;11,83;34,48;35.299.109,24
KEPL3;38,63;1,02;24,06;2,13;1,53;25,76;9,44;7,37;18,78;18,40;-0,38;-0,04;1,77;7,33;-2,74;1,91;8,87;6,38;8,04;0,72;0,28;0,87;-8,42;-22,30;4.676.762,69
KLBN11;20,45;3,29;-10,17;6,63;0,67;34,29;25,31;-21,51;8,64;16,41;7,76;5,96;2,19;2,51;-1,04;3,93;-65,24;-6,60;2,52;0,10;0,90;0,31;15,98;-0,43;151.302.402,34
KLBN3;4,18;3,22;-10,39;6,78;0,69;34,29;25,31;-21,51;8,83;16,41;7,76;5,96;2,24;2,57;-1,07;3,93;-65,24;-6,60;2,52;0,10;0,90;0,31;15,98;-0,43;1.649.432,34
KLBN4;4,07;3,31;-10,12;6,60;0,67;34,29;25,31;-21,51;8,60;16,41;7,76;5,96;2,18;2,50;-1,04;3,93;-65,24;-6,60;2,52;0,10;0,90;0,31;15,98;-0,43;8.853.917,31
LAME3;30,96;0,59;84,12;6,64;1,48;36,15;10,61;3,07;24,35;30,14;3,59;0,98;2,58;5,29;-3,48;1,95;7,90;1,76;7,21;0,22;0,78;0,57;3,26;10,35;63.354.845,24
LAME4;35,16;0,52;95,54;7,54;1,68;36,15;10,61;3,07;27,66;30,14;3,59;0,98;2,93;6,01;-3,95;1,95;7,90;1,76;7,21;0,22;0,78;0,57;3,26;10,35;380.045.751,55
LCAM3;18,10;1,97;26,77;2,33;0,85;26,65;15,59;6,90;11,84;16,65;4,81;0,94;1,85;13,35;-1,13;1,36;8,69;3,19;7,72;0,37;0,63;0,46;50,13;68,64;61.084.003,79
LEVE3;18,82;3,39;11,33;1,81;0,86;25,56;12,68;8,60;7,69;8,57;0,88;0,21;0,97;4,46;-1,87;1,56;16,00;7,60;13,65;0,47;0,53;0,88;1,60;5,40;9.885.239,72
LHER3;0,00;;0,00;0,00;0,00;63,41;22,35;10,99;0,00;-3,77;-3,77;-0,15;0,00;0,00;0,00;6,36;1,95;0,67;3,94;0,34;0,66;0,06;4,31;-51,59;
LHER4;0,00;;0,00;0,00;0,00;63,41;22,35;10,99;0,00;-3,77;-3,77;-0,15;0,00;0,00;0,00;6,36;1,95;0,67;3,94;0,34;0,66;0,06;4,31;-51,59;
LIGT3;17,90;;4,09;0,81;0,22;25,03;8,88;10,15;4,68;11,45;6,78;1,17;0,42;3,94;-0,30;1,28;19,81;5,40;3,06;0,27;0,73;0,53;7,79;14,91;50.565.291,55
LINX3;26,69;0,42;399,88;2,90;2,02;65,24;6,92;1,54;89,07;81,53;-7,54;-0,25;6,17;7,67;-3,46;2,72;0,72;0,50;1,81;0,70;0,30;0,33;16,40;-10,47;63.363.995,38
LIPR3;76,50;;33,95;4,78;4,18;;;;38,24;34,44;-3,81;-0,48;;12,79;-7,37;4,10;14,09;12,31;11,87;0,87;0,13;0,00;;;7.650,00
LLIS3;6,43;;-0,28;0,50;0,16;45,32;-90,28;-173,09;-0,54;-2,10;-1,56;1,46;0,49;-1,68;-0,23;0,74;-179,34;-58,40;-60,91;0,33;0,67;0,34;4,50;;3.293.827,90
LOGG3;35,31;0,60;36,90;1,22;0,90;98,37;137,67;74,03;19,84;21,99;2,15;0,13;27,32;5,48;-1,13;4,98;3,30;2,43;3,53;0,74;0,26;0,03;13,50;-19,27;15.713.718,93
LOGN3;16,51;;-16,02;8,54;0,91;17,06;14,56;-10,02;11,03;15,80;4,77;3,69;1,61;3,54;-1,65;2,32;-53,29;-5,66;9,49;0,11;0,89;0,57;1,55;;18.274.993,10
LPSB3;5,53;;-130,68;4,89;2,13;84,69;8,00;-4,12;67,35;55,48;-11,87;-0,86;5,39;7,10;-3,98;2,83;-3,74;-1,63;0,48;0,44;0,56;0,40;-13,72;;7.984.085,17
LREN3;44,41;0,72;37,27;7,54;3,01;61,47;14,94;9,92;24,73;25,27;0,54;0,16;3,70;19,68;-6,87;1,37;20,22;8,07;15,12;0,40;0,60;0,81;12,95;18,45;339.457.993,97
LTEL3B;0,00;;0,00;0,00;0,00;;;;0,00;0,12;0,12;0,10;;0,00;0,00;16,35;67,35;56,66;56,84;0,84;0,16;0,00;;;
LUPA3;2,53;;-0,91;0,85;0,13;-11,85;-202,54;-533,34;-2,41;-8,51;-6,10;2,16;4,87;0,50;-0,21;2,91;-93,19;-13,87;-12,23;0,15;0,85;0,03;-38,92;;1.829.179,86
LUXM3;0,00;;0,00;0,00;0,00;26,64;14,19;11,18;0,00;7,22;1,49;0,24;0,00;0,00;0,00;2,01;12,73;7,47;8,38;0,59;0,41;0,67;13,39;26,08;
LUXM4;33,00;4,25;13,04;1,66;0,97;26,64;14,19;11,18;10,27;7,22;1,49;0,24;1,46;6,59;-1,38;2,01;12,73;7,47;8,38;0,59;0,41;0,67;13,39;26,08;26.345,75
LWSA3;48,31;;423,11;9,59;5,60;41,29;10,80;3,54;138,80;130,59;-8,21;-0,57;14,99;12,77;-18,20;2,73;2,27;1,32;4,56;0,58;0,42;0,37;;;62.588.651,45
MAPT3;65,00;;-324,61;-10,56;77.268,01;;;;-328,18;-289,90;0,00;;;-1.218,94;-77,27;0,00;3,25;-23.803,36;3,22;-7.318,24;8.318,24;0,00;;;
MAPT4;50,00;;-249,70;-8,12;59.436,93;;;;-252,44;-289,90;0,00;;;-937,65;-59,44;0,00;3,25;-23.803,36;3,22;-7.318,24;8.318,24;0,00;;;59.980,53
MDIA3;40,62;0,62;21,62;2,25;1,55;36,32;10,07;9,92;21,29;22,46;1,17;0,12;2,14;10,64;-2,38;1,73;10,39;7,19;7,88;0,69;0,31;0,73;5,91;-1,46;38.023.935,00
MDNE3;11,99;;-7,23;0,95;0,46;31,71;8,38;-45,97;39,66;43,98;4,31;0,10;3,32;1,36;-1,00;2,64;-13,08;-6,35;1,26;0,49;0,51;0,14;-13,69;;5.514.685,14
MEAL3;5,11;;-18,55;0,81;0,36;30,47;0,47;-3,36;132,67;169,34;36,67;0,22;0,62;-2,83;-0,44;0,59;-4,39;-1,94;0,29;0,44;0,56;0,58;29,56;;52.291.428,93
MERC3;36,00;0,34;64,33;2,66;1,70;70,55;18,70;13,95;48,02;34,33;;;8,98;7,16;-3,51;1,86;4,13;2,65;;0,64;0,36;0,19;-19,89;58,90;47.342,70
MERC4;12,40;3,98;22,16;0,91;0,59;70,55;18,70;13,95;16,54;34,33;;;3,09;2,47;-1,21;1,86;4,13;2,65;;0,64;0,36;0,19;-19,89;58,90;168.796,68
MGEL3;0,00;;0,00;0,00;0,00;16,78;7,87;-16,58;0,00;15,92;15,43;;0,00;0,00;0,00;2,23;20,74;-24,29;14,29;-1,17;2,17;1,47;4,34;;
MGEL4;6,00;;-0,36;-0,08;0,09;16,78;7,87;-16,58;0,76;15,92;15,43;;0,06;0,31;-0,18;2,23;20,74;-24,29;14,29;-1,17;2,17;1,47;4,34;;67.158,00
MGLU3;80,18;0,14;158,77;17,30;7,36;27,72;5,55;3,95;112,80;111,27;-1,53;-0,23;6,27;27,85;-18,30;1,79;10,90;4,63;10,58;0,43;0,57;1,17;15,25;48,29;896.637.903,07
MILS3;7,68;;-52,57;1,75;1,32;38,14;-6,09;-7,44;-64,21;-64,05;0,16;0,00;3,91;7,45;-1,87;2,51;-3,33;-2,51;-2,77;0,75;0,25;0,34;-11,16;;19.014.462,79
MMAQ3;0,00;;0,00;0,00;0,00;7,60;7,53;6,58;0,00;-1,10;-1,10;-0,23;0,00;0,00;0,00;2,41;18,65;12,00;15,76;0,64;0,36;1,82;11,72;15,69;
MMAQ4;0,00;;0,00;0,00;0,00;7,60;7,53;6,58;0,00;-1,10;-1,10;-0,23;0,00;0,00;0,00;2,41;18,65;12,00;15,76;0,64;0,36;1,82;11,72;15,69;
MMXM3;1,95;;-0,07;-0,02;0,10;-11,20;-15.937,52;-35.805,30;-0,16;-3,13;-2,97;;24,86;-0,02;-0,12;0,03;22,71;-145,86;15,16;-6,42;7,42;0,00;-67,19;;66.985,90
MNDL3;24,99;;-4,94;-0,42;0,06;33,34;9,11;-2,63;1,43;5,60;4,18;;0,13;-0,10;-0,08;0,29;8,58;-1,19;104,63;-0,14;1,14;0,45;5,04;;271.617,62
MNPR3;5,24;;-2,00;-0,10;0,17;28,55;16,01;-7,69;0,96;0,95;-0,02;;0,15;-0,09;-0,27;0,17;4,94;-8,51;-10,18;-1,72;2,72;1,11;4,71;;62.707,66
MOAR3;185,00;3,79;-55,44;2,46;1,50;100,00;60.457,03;15.969,53;-14,64;-13,29;1,35;-0,23;;5,34;-2,60;2,95;-4,43;-2,70;-13,21;0,61;0,39;0,00;-25,48;-11,37;94.590,80
MOVI3;15,48;1,90;64,76;2,12;0,63;24,28;5,98;1,77;19,18;28,39;9,20;1,02;1,15;-15,14;-0,88;0,87;3,28;0,98;4,11;0,30;0,70;0,55;133,51;116,71;49.377.457,90
MRFG3;13,28;;6,71;16,49;0,27;13,67;7,50;2,70;2,41;7,52;5,10;34,86;0,18;5,01;-0,46;1,15;245,71;4,04;12,66;0,02;0,98;1,50;26,24;;151.568.454,45
MRSA3B;29,00;2,36;33,32;2,46;0,95;21,77;25,03;9,71;12,92;;2,94;0,56;3,23;-51,26;-1,13;0,89;7,38;2,87;8,50;0,39;0,61;0,30;0,88;5,85;13.561,00
MRSA5B;20,00;3,77;22,98;1,70;0,66;21,77;25,03;9,71;8,91;;2,94;0,56;2,23;-35,35;-0,78;0,89;7,38;2,87;8,50;0,39;0,61;0,30;0,88;5,85;4.947,78
MRSA6B;20,00;3,77;22,98;1,70;0,66;21,77;25,03;9,71;8,91;;2,94;0,56;2,23;-35,35;-0,78;0,89;7,38;2,87;8,50;0,39;0,61;0,30;0,88;5,85;5.254,67
MRVE3;21,57;3,43;15,36;1,82;0,64;29,46;11,04;11,18;15,54;20,20;4,65;0,55;1,72;2,21;-1,25;2,49;11,88;4,19;5,50;0,35;0,65;0,37;7,66;-0,09;92.527.925,17
MSPA3;47,00;;-7,07;0,35;0,21;35,21;-32,48;-35,29;-7,68;-8,40;-0,63;0,03;2,50;4,36;-0,23;2,74;-4,90;-2,98;-4,32;0,61;0,39;0,08;-14,68;;12.949,00
MSPA4;51,50;;-7,75;0,38;0,23;35,21;-32,48;-35,29;-8,42;-8,40;-0,63;0,03;2,73;4,78;-0,25;2,74;-4,90;-2,98;-4,32;0,61;0,39;0,08;-14,68;;10.300,00
MSRO3;0,01;;0,05;0,00;0,00;31,62;21,17;0,37;0,00;6,76;6,76;2,81;0,00;0,00;0,00;0,74;0,73;0,15;9,34;0,20;0,80;0,39;15,89;-13,57;
MTIG3;0,00;;0,00;0,00;0,00;16,22;-0,88;10,18;0,00;-56,19;-51,07;1,75;0,00;0,00;0,00;0,56;39,64;10,89;-35,03;0,27;0,73;1,07;10,03;;
MTIG4;39,00;;0,67;0,26;0,07;16,22;-0,88;10,18;-7,69;-56,19;-51,07;1,75;0,07;-0,28;-0,11;0,56;39,64;10,89;-35,03;0,27;0,73;1,07;10,03;;26.916,93
MTRE3;17,70;;92,61;1,95;1,50;30,91;10,23;6,46;58,44;32,81;-25,63;-0,85;5,98;1,99;-14,33;6,39;2,10;1,62;2,55;0,77;0,23;0,25;;;14.271.311,69
MTSA3;35,00;1,03;23,48;1,33;0,96;23,81;7,80;4,63;13,93;9,32;-0,96;-0,09;1,09;2,00;-3,58;2,91;5,65;4,09;6,57;0,72;0,28;0,88;4,06;-2,01;7.000,00
MTSA4;17,99;2,22;12,07;0,68;0,49;23,81;7,80;4,63;7,16;9,32;-0,96;-0,09;0,56;1,03;-1,84;2,91;5,65;4,09;6,57;0,72;0,28;0,88;4,06;-2,01;167.352,69
MULT3;23,40;1,22;25,30;2,42;1,35;79,75;61,35;41,97;17,31;20,03;2,72;0,38;10,62;37,83;-1,58;1,33;9,56;5,34;7,54;0,56;0,44;0,13;3,23;4,98;153.875.985,21
MWET3;7,00;;-0,37;-0,07;0,08;9,61;-6,77;-22,36;-1,22;-7,04;-6,16;;0,08;-0,11;-0,11;0,25;17,95;-22,25;8,47;-1,24;2,24;1,00;-1,75;;6.550,00
MWET4;4,00;;-0,21;-0,04;0,05;9,61;-6,77;-22,36;-0,70;-7,04;-6,16;;0,05;-0,06;-0,06;0,25;17,95;-22,25;8,47;-1,24;2,24;1,00;-1,75;;103.504,00
MYPK3;14,10;4,71;5,85;0,52;0,19;10,96;6,32;3,79;3,51;8,63;5,12;0,76;0,22;2,61;-0,30;1,23;8,86;3,16;6,04;0,36;0,64;0,83;11,12;28,99;31.182.661,07
NAFG3;64,37;;11,88;2,74;1,15;41,15;16,49;9,28;6,68;7,86;1,17;0,48;1,10;3,20;-2,87;2,52;23,09;9,71;15,89;0,42;0,58;1,05;7,87;33,76;9.648,50
NAFG4;64,42;;11,89;2,74;1,15;41,15;16,49;9,28;6,69;7,86;1,17;0,48;1,10;3,20;-2,87;2,52;23,09;9,71;15,89;0,42;0,58;1,05;7,87;33,76;77.304,00
NEMO3;0,00;;0,00;0,00;0,00;23,65;13,87;-54,97;0,00;;17,48;13,96;0,00;0,00;0,00;1,29;-316,55;-14,22;-5,78;0,04;0,96;0,26;29,06;;
NEMO5;0,00;;0,00;0,00;0,00;23,65;13,87;-54,97;0,00;;17,48;13,96;0,00;0,00;0,00;1,29;-316,55;-14,22;-5,78;0,04;0,96;0,26;29,06;;
NEMO6;0,00;;0,00;0,00;0,00;23,65;13,87;-54,97;0,00;;17,48;13,96;0,00;0,00;0,00;1,29;-316,55;-14,22;-5,78;0,04;0,96;0,26;29,06;;
NEOE3;19,71;2,07;9,98;1,18;0,41;23,27;15,65;8,48;5,41;10,31;4,90;1,07;0,85;5,67;-0,55;1,39;11,86;4,12;8,10;0,35;0,65;0,49;18,25;24,34;50.495.480,52
NORD3;7,04;;-15.538,42;-0,33;2,74;91,86;205,04;-0,19;14,69;26,38;11,69;;30,11;-0,97;-2,92;0,02;0,00;-0,02;-3,11;-8,19;9,19;0,09;;;47.270,37
NRTQ3;0,00;;0,00;0,00;0,00;26,96;13,95;9,21;0,00;-0,97;-0,97;-0,17;0,00;0,00;0,00;2,70;11,54;7,61;12,15;0,66;0,34;0,83;8,13;4,81;
NTCO3;42,03;0,30;-77,01;2,59;0,94;67,96;3,49;-3,59;79,21;101,45;22,24;0,73;2,76;22,60;-1,25;1,20;-3,37;-1,22;1,08;0,36;0,64;0,34;14,29;-26,83;301.956.752,24
NUTR3;81,00;;0,28;0,76;0,17;17,61;1,52;53,40;9,92;17,71;7,80;0,60;0,15;0,85;-0,35;1,68;268,91;61,28;-47,66;0,23;0,77;1,15;7,39;;150.922,64
ODER4;0,00;;0,00;0,00;0,00;27,15;8,79;4,38;0,00;3,10;3,10;0,60;0,00;0,00;0,00;1,84;9,69;4,21;9,71;0,43;0,57;0,96;3,77;27,10;
ODPV3;14,73;2,13;29,88;6,63;4,19;53,07;19,67;14,47;21,97;20,13;-1,84;-0,56;4,32;19,68;-8,29;1,76;22,18;14,02;20,78;0,63;0,37;0,97;9,37;7,87;23.098.785,28
OFSA3;32,90;0,05;35,83;3,62;1,91;49,17;11,97;7,73;23,14;25,99;2,84;0,44;2,77;8,93;-3,94;1,72;10,09;5,34;7,34;0,53;0,47;0,69;13,61;3,92;795.545,79
OGXP3;1,63;;-2,15;-0,98;0,92;;;;-9,26;-9,26;0,00;;;-0,98;;0,51;45,53;-43,02;10,57;-0,94;1,94;0,00;;;
OIBR3;1,19;;-0,44;0,61;0,10;22,89;-18,80;-81,13;-1,91;-6,81;-4,89;1,57;0,36;0,90;-0,13;1,68;-138,20;-21,67;-10,50;0,16;0,84;0,27;-6,55;;224.241.902,52
OIBR4;1,48;;-0,55;0,76;0,12;22,89;-18,80;-81,13;-2,37;-6,81;-4,89;1,57;0,45;1,12;-0,16;1,68;-138,20;-21,67;-10,50;0,16;0,84;0,27;-6,55;;4.678.682,21
OMGE3;35,09;0,26;1.221,85;2,13;0,77;36,70;40,66;0,48;14,55;23,73;9,18;1,34;5,92;10,14;-0,89;2,46;0,17;0,06;5,09;0,36;0,64;0,13;54,71;4,35;33.777.193,31
OSXB3;4,52;;-0,02;0,00;0,01;100,00;-1.948,92;-5.570,69;-0,07;-21,51;-21,44;;1,36;-0,03;-0,01;0,03;12,37;-28,97;60,22;-2,34;3,34;0,01;-56,03;;83.633,45
PARD3;22,36;1,07;20,18;4,13;1,77;29,33;16,31;10,94;13,54;14,06;0,53;0,16;2,21;18,50;-2,57;1,45;20,45;8,77;18,71;0,43;0,57;0,80;14,21;13,42;10.983.448,14
PATI3;25,99;;4,65;0,92;0,42;12,32;11,19;9,57;3,98;4,34;0,35;0,08;0,45;0,87;-1,85;2,64;19,75;9,03;7,17;0,46;0,54;0,94;7,35;2,78;84.693,35
PATI4;28,00;;5,01;0,99;0,45;12,32;11,19;9,57;4,28;4,34;0,35;0,08;0,48;0,94;-1,99;2,64;19,75;9,03;7,17;0,46;0,54;0,94;7,35;2,78;35.979,60
PCAR3;70,70;0,82;37,31;1,36;0,32;21,29;2,84;0,80;10,51;16,96;6,46;0,84;0,30;-10,64;-0,49;0,92;3,65;0,85;4,98;0,23;0,77;1,07;-2,84;-12,00;112.582.041,14
PCAR4;72,11;;38,05;1,39;0,32;21,29;2,84;0,80;10,71;16,96;6,46;0,84;0,30;-10,85;-0,50;0,92;3,65;0,85;4,98;0,23;0,77;1,07;-2,84;-12,00;132.993.317,74
PDGR3;5,44;;-0,05;-0,01;0,02;14,27;-178,95;-385,86;-0,11;-4,18;-4,07;;0,20;-0,02;-0,10;0,38;16,50;-45,19;11,96;-2,74;3,74;0,12;-41,16;;766.079,79
PEAB3;55,00;6,59;28,09;1,37;1,07;30,19;8,76;6,23;19,97;16,57;-4,31;-0,30;1,75;3,65;-1,79;3,70;4,88;3,81;3,91;0,78;0,22;0,61;8,71;26,97;9.155,50
PEAB4;60,00;6,65;30,64;1,50;1,17;30,19;8,76;6,23;21,79;16,57;-4,31;-0,30;1,91;3,98;-1,95;3,70;4,88;3,81;3,91;0,78;0,22;0,61;8,71;26,97;12.000,00
PETR3;23,00;2,76;-23,09;1,28;0,31;42,76;7,30;-4,36;13,80;31,15;17,48;1,62;1,01;10,44;-0,37;1,21;-5,53;-1,34;2,74;0,24;0,76;0,31;-2,17;;357.410.457,86
PETR4;22,51;3,66;-22,60;1,25;0,30;42,76;7,30;-4,36;13,50;31,15;17,48;1,62;0,99;10,22;-0,36;1,21;-5,53;-1,34;2,74;0,24;0,76;0,31;-2,17;;1.565.071.582,90
PFRM3;6,62;;38,53;0,82;0,23;14,90;1,42;0,42;11,33;20,06;8,73;0,63;0,16;1,65;-0,73;1,25;2,12;0,59;3,28;0,28;0,72;1,42;6,84;;5.557.879,83
PINE3;0,00;;0,00;0,00;0,00;-13,87;-45,56;-12,97;0,00;-0,82;;;0,00;0,00;0,00;0,96;-9,47;-0,70;;0,07;0,93;0,05;-1,08;;
PINE4;3,16;;-5,87;0,56;0,04;-13,87;-45,56;-12,97;-1,67;-0,82;;;0,76;-2,77;-0,06;0,96;-9,47;-0,70;;0,07;0,93;0,05;-1,08;;1.157.362,62
PLAS3;4,89;;2,51;-0,61;0,10;10,00;4,37;5,70;3,28;10,93;7,65;;0,14;-0,67;-0,13;0,59;-24,43;3,96;23,90;-0,16;1,16;0,69;-9,15;;98.902,41
PMAM3;14,35;;-1,12;9,80;0,15;0,24;1,67;-11,58;7,79;41,36;33,57;42,23;0,13;-0,32;-0,27;0,48;-874,44;-13,66;-5,02;0,02;0,98;1,18;2,00;;3.532.032,24
PNVL3;31,40;0,34;54,61;7,96;2,68;29,58;4,45;2,80;34,37;37,62;3,88;0,90;1,53;11,99;-6,81;1,58;14,58;4,90;10,20;0,34;0,66;1,75;7,62;9,23;4.871.040,62
PNVL4;25,63;0,46;44,58;6,50;2,19;29,58;4,45;2,80;28,06;37,62;3,88;0,90;1,25;9,79;-5,56;1,58;14,58;4,90;10,20;0,34;0,66;1,75;7,62;9,23;658.861,24
POMO3;2,82;4,54;13,64;1,08;0,48;15,28;6,66;4,52;9,25;13,35;3,74;0,44;0,62;2,20;-0,99;1,71;7,93;3,49;6,05;0,44;0,56;0,77;4,88;-1,10;1.713.965,48
POMO4;2,99;4,28;14,46;1,15;0,50;15,28;6,66;4,52;9,81;13,35;3,74;0,44;0,65;2,33;-1,05;1,71;7,93;3,49;6,05;0,44;0,56;0,77;4,88;-1,10;48.484.106,83
POSI3;5,60;0,57;26,63;0,90;0,33;23,47;4,09;1,54;10,05;13,95;3,90;0,35;0,41;1,27;-1,58;1,49;3,37;1,24;4,16;0,37;0,63;0,81;-3,86;-2,17;35.284.161,41
PPAR3;250.020,00;;46.023,58;542,17;397,51;;;;61.671,60;61.663,18;-8,42;-0,07;;7.421,37;-421,42;17,84;1,18;0,86;0,86;0,73;0,27;0,00;;12,45;
PPLA11;18,50;;-41,03;2.002,74;2.002,74;;;;-41,03;-41,03;;;;;-2.002,74;;-4.880,77;-4.880,77;;1,00;0,00;0,00;;;266.159,59
PRIO3;36,12;;7,12;2,22;0,78;36,29;59,34;42,48;5,10;7,73;2,64;1,15;3,02;-8,03;-1,04;0,72;31,16;10,99;17,63;0,35;0,65;0,26;27,56;;134.405.606,59
PRNR3;11,22;;-60,78;1,81;1,16;14,22;5,23;-2,08;24,24;20,39;-3,85;-0,29;1,27;2,22;-4,09;3,74;-2,98;-1,92;2,10;0,64;0,36;0,92;;;3.773.140,00
PSSA3;53,36;4,16;13,19;2,14;0,52;100,00;6,31;7,18;15,02;5,57;-9,44;-1,34;0,95;3,53;-1,77;1,27;16,21;3,97;6,71;0,24;0,76;0,55;4,76;9,50;40.853.750,28
PTBL3;4,82;0,82;14,87;2,06;0,37;33,25;9,31;4,47;7,14;12,00;4,86;1,40;0,66;3,83;-0,71;1,26;13,84;2,52;8,46;0,18;0,82;0,56;3,26;-32,43;9.352.413,76
PTCA11;0,00;;0,00;0,00;0,00;44,03;10,21;5,83;0,00;;2,66;0,79;0,00;0,00;0,00;1,72;17,05;6,39;12,70;0,37;0,63;1,10;;;
PTCA3;0,00;;0,00;0,00;0,00;44,03;10,21;5,83;0,00;;2,66;0,79;0,00;0,00;0,00;1,72;17,05;6,39;12,70;0,37;0,63;1,10;;;
PTNT3;7,20;1,01;9,15;1,11;0,50;13,54;7,78;6,58;7,75;8,64;2,58;0,37;0,60;6,06;-0,97;1,20;12,15;5,45;8,83;0,45;0,55;0,83;7,68;26,78;122.064,45
PTNT4;4,86;1,50;6,18;0,75;0,34;13,54;7,78;6,58;5,23;8,64;2,58;0,37;0,41;4,09;-0,66;1,20;12,15;5,45;8,83;0,45;0,55;0,83;7,68;26,78;302.797,34
QUAL3;29,65;13,97;22,97;5,59;2,42;81,37;28,04;17,98;14,73;15,96;1,23;0,47;4,13;14,53;-3,52;2,12;24,35;10,52;14,81;0,43;0,57;0,59;6,05;22,49;108.832.767,38
QUSW3;0,00;;0,00;0,00;0,00;24,86;9,49;2,84;0,00;1,45;1,45;0,40;0,00;0,00;0,00;1,26;8,25;3,50;10,97;0,42;0,58;1,23;27,25;9,12;
QVQP3B;0,00;;0,00;0,00;0,00;;;;0,00;1,67;1,67;-1,03;;0,00;0,00;11,20;-60,66;-55,41;-61,61;0,91;0,09;0,00;;;
RADL3;110,60;0,60;44,44;8,79;2,81;29,51;6,49;4,43;30,35;31,08;0,73;0,21;1,97;19,47;-5,49;1,42;19,78;6,31;21,11;0,32;0,68;1,42;18,90;28,93;154.850.304,48
RAIL3;22,84;;73,39;4,26;1,01;34,17;27,52;7,06;18,82;24,98;6,16;1,40;5,18;23,03;-1,17;1,47;5,81;1,37;8,15;0,24;0,76;0,19;14,09;;197.364.258,59
RANI3;4,95;0,22;-14,94;2,33;0,53;30,74;23,56;-6,11;3,87;7,36;3,38;2,03;0,91;10,18;-0,77;1,20;-15,58;-3,53;13,37;0,23;0,77;0,58;4,01;;292.786,55
RANI4;6,71;0,16;-20,25;3,16;0,72;30,74;23,56;-6,11;5,25;7,36;3,38;2,03;1,24;13,79;-1,04;1,20;-15,58;-3,53;13,37;0,23;0,77;0,58;4,01;;113.783,55
RAPT3;9,01;3,01;11,69;1,39;0,49;24,23;9,69;5,20;6,27;9,52;2,24;0,50;0,61;1,34;-1,19;2,65;11,90;4,18;7,09;0,35;0,65;0,80;6,15;4,06;173.816,10
RAPT4;11,20;2,42;14,53;1,73;0,61;24,23;9,69;5,20;7,80;9,52;2,24;0,50;0,76;1,66;-1,47;2,65;11,90;4,18;7,09;0,35;0,65;0,80;6,15;4,06;46.555.720,76
RCSL3;2,42;;-56,06;-2,69;4.826,34;23,59;2,25;-16,54;412,34;399,71;-0,17;;9,27;-15,07;-7,70;0,54;4,80;-8.608,85;-0,65;-1.795,00;2.795,00;520,40;55,45;;165.582,59
RCSL4;2,31;;-53,51;-2,57;4.606,96;23,59;2,25;-16,54;393,60;399,71;-0,17;;8,85;-14,38;-7,35;0,54;4,80;-8.608,85;-0,65;-1.795,00;2.795,00;520,40;55,45;;6.952.057,69
RDNI3;13,95;0,06;485,36;0,99;0,41;26,29;2,66;0,39;71,76;114,78;43,02;0,59;1,91;1,82;-0,68;2,43;0,20;0,09;-0,03;0,42;0,58;0,22;-14,86;-56,14;419.996,97
REDE3;10,30;1,21;26,44;4,51;1,09;20,28;14,07;7,42;13,95;18,43;4,48;1,45;1,96;14,40;-1,54;1,35;17,05;4,11;9,71;0,24;0,76;0,55;17,93;-10,54;13.068,76
RENT3;43,54;0,87;38,67;6,08;1,60;25,20;14,66;8,10;21,37;26,01;4,64;1,32;3,13;20,02;-2,15;1,45;15,73;4,14;7,80;0,26;0,74;0,51;21,24;15,22;291.375.932,59
RLOG3;20,44;;19,92;1,13;0,27;34,17;27,37;6,91;5,03;11,23;6,20;1,40;1,38;6,13;-0,31;1,47;5,69;1,34;8,11;0,24;0,76;0,19;50,58;42,36;23.421.380,97
RNEW11;9,86;;-0,15;-0,12;0,06;52,34;-939,23;-1.785,59;-0,29;-3,62;-3,32;;2,77;-0,05;-0,06;0,03;77,37;-37,76;-102,98;-0,49;1,49;0,02;-20,17;;272.354,41
RNEW3;3,58;;-0,17;-0,13;0,06;52,34;-939,23;-1.785,59;-0,32;-3,62;-3,32;;3,01;-0,05;-0,07;0,03;77,37;-37,76;-102,98;-0,49;1,49;0,02;-20,17;;261.236,83
RNEW4;3,14;;-0,15;-0,11;0,06;52,34;-939,23;-1.785,59;-0,28;-3,62;-3,32;;2,64;-0,04;-0,06;0,03;77,37;-37,76;-102,98;-0,49;1,49;0,02;-20,17;;331.117,24
ROMI3;13,94;8,97;10,50;1,10;0,57;28,79;6,51;10,29;16,61;22,02;5,41;0,36;1,08;2,43;-1,32;1,70;10,48;5,41;3,87;0,52;0,48;0,53;3,37;76,10;3.933.190,79
RPAD3;5,94;0,01;12,00;0,50;0,49;94,81;15.412,22;15.529,63;12,09;;-0,23;-0,01;1.863,01;-290,09;-0,50;0,86;4,14;4,09;4,11;0,99;0,01;0,00;4,29;4,48;25.271,43
RPAD5;8,20;6,38;16,56;0,69;0,68;94,81;15.412,22;15.529,63;16,69;;-0,23;-0,01;2.571,83;-400,46;-0,68;0,86;4,14;4,09;4,11;0,99;0,01;0,00;4,29;4,48;11.627,82
RPAD6;6,00;0,01;12,12;0,50;0,50;94,81;15.412,22;15.529,63;12,21;;-0,23;-0,01;1.881,83;-293,02;-0,50;0,86;4,14;4,09;4,11;0,99;0,01;0,00;4,29;4,48;8.832,05
RPMG3;2,89;;-0,71;-0,07;0,07;1,56;-18,59;-21,06;-0,81;-0,81;0,00;;0,15;-0,08;-0,90;0,49;9,52;-10,34;8,41;-1,09;2,09;0,49;37,84;;530.884,76
RSID3;6,43;;-0,21;-0,17;0,06;-58,85;-865,50;-1.168,96;-0,28;-3,83;-3,55;;2,42;-0,10;-0,09;0,42;83,29;-27,04;-48,80;-0,32;1,32;0,02;-48,12;;1.796.563,48
RSUL3;0,00;;0,00;0,00;0,00;33,70;18,02;10,96;0,00;1,16;0,07;0,79;0,00;0,00;0,00;0,55;705,46;9,30;435,98;0,01;0,99;0,85;4,32;19,67;
RSUL4;138,41;;4,37;30,81;0,41;33,70;18,02;10,96;2,66;1,16;0,07;0,79;0,48;-1,51;-0,60;0,55;705,46;9,30;435,98;0,01;0,99;0,85;4,32;19,67;17.020,43
SANB11;29,03;8,95;7,62;1,09;0,13;34,12;3,14;19,04;46,16;46,16;;;1,45;;-0,13;;14,32;1,72;;0,12;0,88;0,09;4,33;23,85;130.113.543,66
SANB3;14,27;8,67;7,49;1,07;0,13;34,12;3,14;19,04;45,38;46,16;;;1,43;;-0,13;;14,32;1,72;;0,12;0,88;0,09;4,33;23,85;3.287.580,38
SANB4;14,78;9,21;7,76;1,11;0,13;34,12;3,14;19,04;47,00;46,16;;;1,48;;-0,14;;14,32;1,72;;0,12;0,88;0,09;4,33;23,85;3.165.115,17
SAPR11;31,32;3,28;8,46;1,47;0,75;61,18;34,87;22,97;5,57;7,14;1,57;0,41;1,94;24,29;-0,87;1,30;17,40;8,90;13,22;0,51;0,49;0,39;12,53;20,70;68.401.999,00
SAPR3;6,60;2,89;8,92;1,55;0,79;61,18;34,87;22,97;5,87;7,14;1,57;0,41;2,05;25,60;-0,92;1,30;17,40;8,90;13,22;0,51;0,49;0,39;12,53;20,70;2.062.125,69
SAPR4;6,21;3,37;8,39;1,46;0,75;61,18;34,87;22,97;5,53;7,14;1,57;0,41;1,93;24,08;-0,86;1,30;17,40;8,90;13,22;0,51;0,49;0,39;12,53;20,70;20.106.818,52
SBSP3;58,72;2,34;19,46;1,91;0,85;43,67;30,71;11,36;7,20;9,40;2,19;0,58;2,21;-22,40;-0,96;0,74;9,83;4,39;13,86;0,45;0,55;0,39;9,91;30,11;245.968.598,07
SCAR3;39,36;0,93;24,77;1,52;0,75;74,69;57,17;24,09;10,44;15,57;5,14;0,75;5,97;8,19;-0,89;2,44;6,13;3,04;6,61;0,50;0,50;0,13;4,05;-6,45;549.576,17
SEDU3;23,80;;-13,38;14,95;1,53;48,36;-15,73;-25,73;-21,89;-27,94;-6,05;4,13;3,44;57,90;-2,27;1,09;-111,71;-11,44;-13,15;0,10;0,90;0,44;12,49;;
SEER3;16,42;1,84;21,78;1,59;0,85;53,34;17,57;7,58;9,39;9,20;-0,19;-0,03;1,65;9,01;-1,10;1,72;7,32;3,91;15,32;0,53;0,47;0,52;12,60;-8,61;18.117.601,34
SGPS3;7,25;;-1,15;0,29;0,11;32,26;1,13;-22,86;23,19;77,08;53,89;0,68;0,26;1,32;-0,18;1,30;-25,69;-9,86;-2,35;0,38;0,62;0,43;-7,42;;1.611.844,69
SHOW3;3,17;;-4,15;0,78;0,33;14,11;-12,65;-16,88;-5,54;-4,01;1,52;-0,22;0,70;1,73;-0,77;1,49;-18,85;-7,87;-9,51;0,42;0,58;0,47;-6,57;;3.964.615,03
SHUL3;0,00;;0,00;0,00;0,00;22,22;9,32;8,91;0,00;8,65;2,33;0,36;0,00;0,00;0,00;2,24;14,63;5,92;6,36;0,40;0,60;0,66;7,65;12,44;
SHUL4;12,17;1,73;11,54;1,69;0,68;22,22;9,32;8,91;11,03;8,65;2,33;0,36;1,03;1,92;-1,91;2,24;14,63;5,92;6,36;0,40;0,60;0,66;7,65;12,44;3.032.452,76
SLCE3;24,90;1,58;13,18;1,64;0,65;26,82;19,66;11,24;7,54;9,97;2,43;0,53;1,48;4,65;-1,19;1,45;12,42;4,95;9,79;0,40;0,60;0,44;15,19;35,04;38.080.536,66
SLED3;1,80;;-0,27;-0,41;0,11;33,41;-81,44;-50,69;-0,17;-0,93;-0,80;;0,14;-3,01;-0,16;0,88;150,00;-41,95;-242,63;-0,28;1,28;0,83;-18,14;;564.635,48
SLED4;0,93;;-0,14;-0,21;0,06;33,41;-81,44;-50,69;-0,09;-0,93;-0,80;;0,07;-1,55;-0,08;0,88;150,00;-41,95;-242,63;-0,28;1,28;0,83;-18,14;;1.515.830,79
SMFT3;0,00;;0,00;0,00;0,00;37,95;6,14;-16,06;0,00;8,98;8,98;0,50;0,00;0,00;0,00;1,66;-14,51;-4,28;1,36;0,29;0,71;0,27;;;
SMLS3;15,19;1,78;3,01;1,49;0,62;93,01;72,86;59,62;2,46;0,95;-1,51;-0,92;1,79;1,99;-2,58;1,70;49,66;20,65;39,69;0,42;0,58;0,35;;;51.283.085,79
SMTO3;20,39;3,23;11,30;2,16;0,60;31,86;32,10;17,30;6,09;9,94;3,85;1,36;1,95;4,13;-0,84;2,01;19,09;5,28;11,09;0,28;0,72;0,30;14,03;17,25;35.670.348,97
SNSY3;0,00;;0,00;0,00;0,00;11,03;-20,09;-40,11;0,00;;-0,98;;0,00;0,00;0,00;0,52;14,32;-49,06;7,80;-3,43;4,43;1,22;0,60;;
SNSY5;212,00;;-0,22;-0,03;0,11;11,03;-20,09;-40,11;-0,44;;-0,98;;0,09;-0,24;-0,22;0,52;14,32;-49,06;7,80;-3,43;4,43;1,22;0,60;;79.148,77
SNSY6;0,00;;0,00;0,00;0,00;11,03;-20,09;-40,11;0,00;;-0,98;;0,00;0,00;0,00;0,52;14,32;-49,06;7,80;-3,43;4,43;1,22;0,60;;
SOND3;33,46;2,50;13,29;1,48;1,05;31,63;5,28;9,46;23,81;;-8,46;-0,53;1,26;2,50;-2,54;3,49;11,17;7,87;3,72;0,71;0,29;0,83;-16,58;-15,38;
SOND5;37,00;2,49;14,70;1,64;1,16;31,63;5,28;9,46;26,33;;-8,46;-0,53;1,39;2,76;-2,81;3,49;11,17;7,87;3,72;0,71;0,29;0,83;-16,58;-15,38;11.100,00
SOND6;35,00;2,63;13,90;1,55;1,09;31,63;5,28;9,46;24,91;;-8,46;-0,53;1,31;2,61;-2,65;3,49;11,17;7,87;3,72;0,71;0,29;0,83;-16,58;-15,38;13.413,50
SPRI3;13,32;;-10,00;1.068,23;1.025,57;;;;-9,50;;0,00;-0,03;;3.569,81;-1.480,90;15,24;-10.686,00;-10.259,24;-11.248,83;0,96;0,04;0,00;;;85.123,44
SPRI5;10,50;;-7,88;842,07;808,44;;;;-7,49;;0,00;-0,03;;2.814,04;-1.167,37;15,24;-10.686,00;-10.259,24;-11.248,83;0,96;0,04;0,00;;;7.312,90
SPRI6;22,00;;-16,51;1.764,34;1.693,88;;;;-15,68;;0,00;-0,03;;5.896,08;-2.445,92;15,24;-10.686,00;-10.259,24;-11.248,83;0,96;0,04;0,00;;;71.686,00
SPRT3B;0,90;;-32,01;-32,93;408,93;;;;-34,85;-34,85;0,00;;;-30,49;-411,12;0,00;102,88;-1.277,40;94,51;-12,42;13,42;0,00;;;
SQIA3;23,58;;-926,76;3,93;2,73;33,16;-0,45;-0,97;-2.016,41;-1.702,12;314,29;-0,61;8,98;5,14;-7,24;6,81;-0,42;-0,29;-0,61;0,70;0,30;0,30;19,79;;21.173.502,69
STBP3;5,74;0,30;343,03;2,87;1,20;26,15;9,20;1,16;43,13;43,84;0,71;0,05;3,97;12,84;-1,45;2,22;0,84;0,35;4,60;0,42;0,58;0,30;-0,62;-30,01;27.173.369,07
STKF3;0,00;;0,00;0,00;0,00;52,23;28,54;13,66;0,00;2,06;2,06;0,20;0,00;0,00;0,00;1,52;4,71;2,85;5,76;0,61;0,39;0,21;15,38;;
STTR3;0,00;;0,00;0,00;0,00;33,08;11,35;13,12;0,00;0,49;0,49;0,10;0,00;0,00;0,00;3,50;24,53;14,34;13,74;0,58;0,42;1,09;9,75;31,06;
SULA11;48,00;1,75;18,23;2,67;0,68;12,15;3,61;4,70;23,76;6,14;-17,63;-1,98;0,86;2,02;-2,27;1,93;14,65;3,74;5,94;0,26;0,74;0,80;9,98;16,00;160.911.721,62
SULA3;20,54;1,36;23,40;3,43;0,88;12,15;3,61;4,70;30,51;6,14;-17,63;-1,98;1,10;2,60;-2,91;1,93;14,65;3,74;5,94;0,26;0,74;0,80;9,98;16,00;147.638,14
SULA4;13,48;2,07;15,36;2,25;0,57;12,15;3,61;4,70;20,02;6,14;-17,63;-1,98;0,72;1,70;-1,91;1,93;14,65;3,74;5,94;0,26;0,74;0,80;9,98;16,00;177.855,52
SUZB3;36,68;;-3,33;10,70;0,47;23,65;13,89;-54,97;13,17;30,63;17,46;14,20;1,83;11,37;-0,58;1,29;-321,65;-14,23;-5,77;0,04;0,96;0,26;29,06;;302.736.013,97
TAEE11;28,49;8,16;8,13;1,85;0,79;66,77;80,74;56,32;5,67;8,96;3,29;1,07;4,58;4,49;-1,08;3,10;22,75;9,77;13,71;0,43;0,57;0,17;3,71;2,07;76.878.864,00
TAEE3;9,50;8,16;8,13;1,85;0,79;66,77;80,74;56,32;5,67;8,96;3,29;1,07;4,58;4,49;-1,08;3,10;22,75;9,77;13,71;0,43;0,57;0,17;3,71;2,07;545.446,59
TAEE4;9,54;8,12;8,17;1,86;0,80;66,77;80,74;56,32;5,70;8,96;3,29;1,07;4,60;4,51;-1,08;3,10;22,75;9,77;13,71;0,43;0,57;0,17;3,71;2,07;1.002.323,00
TASA3;5,52;;-4,15;-1,17;0,42;33,61;10,94;-11,26;4,27;11,86;7,32;;0,47;8,21;-1,23;1,08;28,22;-10,06;17,66;-0,36;1,36;0,89;11,06;;1.126.695,83
TASA4;6,26;;-4,70;-1,33;0,47;33,61;10,94;-11,26;4,84;11,86;7,32;;0,53;9,31;-1,39;1,08;28,22;-10,06;17,66;-0,36;1,36;0,89;11,06;;11.975.350,52
TCNO3;2,99;;-53,21;74,98;0,08;;;;-11,51;-27,79;-19,45;126,75;;-0,21;-0,10;0,29;-140,91;-0,16;-5,10;0,00;1,00;0,00;;;316.549,52
TCNO4;1,71;;-30,43;42,88;0,05;;;;-6,58;-27,79;-19,45;126,75;;-0,12;-0,06;0,29;-140,91;-0,16;-5,10;0,00;1,00;0,00;;;314.859,38
TCSA3;13,19;;-3,04;1,09;0,60;-5,14;-92,62;-107,43;-3,52;-3,88;-0,36;0,11;3,26;4,04;-0,93;1,73;-36,01;-19,76;-23,55;0,55;0,45;0,18;-25,67;;40.573.038,83
TECN3;1,47;;-0,89;0,35;0,17;33,87;-45,58;-44,10;-0,86;-1,49;-0,63;0,26;0,39;0,53;-0,38;2,36;-39,81;-19,20;-32,96;0,48;0,52;0,44;-5,22;;1.091.855,24
TEKA3;38,51;;-0,15;-0,01;0,02;15,59;-17,98;-87,84;-0,74;-18,42;-18,01;;0,13;-0,01;-0,02;0,02;7,99;-13,07;2,49;-1,64;2,64;0,15;4,39;;182.596,26
TEKA4;12,80;;-0,05;0,00;0,01;15,59;-17,98;-87,84;-0,25;-18,42;-18,01;;0,04;0,00;-0,01;0,02;7,99;-13,07;2,49;-1,64;2,64;0,15;4,39;;554.992,72
TELB3;158,00;;-72,20;6,57;2,49;-85,25;-26,94;-65,47;-175,50;-128,24;9,90;-0,37;47,27;11,21;-3,48;4,58;-9,10;-3,45;-3,21;0,38;0,62;0,05;6,86;;401.045,64
TELB4;34,00;;-15,54;1,41;0,54;-85,25;-26,94;-65,47;-37,77;-128,24;9,90;-0,37;10,17;2,41;-0,75;4,58;-9,10;-3,45;-3,21;0,38;0,62;0,05;6,86;;2.329.281,52
TEND3;35,08;0,96;15,81;2,67;1,03;32,48;13,42;11,83;13,94;13,43;-0,50;-0,10;1,87;2,08;-4,10;2,93;16,88;6,48;9,82;0,38;0,62;0,55;27,88;;44.504.421,28
TESA3;17,40;;-3,20;0,48;0,15;16,54;7,61;-11,02;4,64;16,93;12,29;1,27;0,35;-4,01;-0,21;0,89;-14,98;-4,61;4,46;0,31;0,69;0,42;4,07;;1.353.167,72
TGMA3;26,32;6,04;9,31;2,92;1,79;21,28;17,34;14,03;7,53;8,02;0,49;0,19;1,31;8,64;-3,19;1,90;31,36;19,25;19,67;0,61;0,39;1,37;-1,32;;18.057.651,03
TIET11;16,29;4,24;20,74;4,26;0,80;33,95;37,62;15,34;8,46;12,18;3,72;1,88;3,18;-47,35;-1,05;0,93;20,53;3,88;12,04;0,19;0,81;0,25;-8,55;7,42;29.085.812,03
TIET3;3,43;4,03;21,84;4,48;0,85;33,95;37,62;15,34;8,90;12,18;3,72;1,88;3,35;-49,85;-1,10;0,93;20,53;3,88;12,04;0,19;0,81;0,25;-8,55;7,42;638.969,76
TIET4;3,20;4,32;20,37;4,18;0,79;33,95;37,62;15,34;8,31;12,18;3,72;1,88;3,13;-46,51;-1,03;0,93;20,53;3,88;12,04;0,19;0,81;0,25;-8,55;7,42;2.255.806,93
TIMP3;14,91;2,76;9,85;1,60;0,91;57,26;26,33;21,06;7,88;8,06;0,18;0,04;2,07;29,35;-1,12;1,21;16,22;9,28;14,51;0,57;0,43;0,44;-2,28;18,52;125.643.522,55
TKNO3;0,00;;0,00;0,00;0,00;23,31;12,62;6,72;0,00;1,41;-1,25;-0,14;0,00;0,00;0,00;3,45;5,87;4,67;6,16;0,79;0,21;0,69;1,69;16,13;
TKNO4;39,20;;10,82;0,64;0,50;23,31;12,62;6,72;5,76;1,41;-1,25;-0,14;0,73;1,29;-1,13;3,45;5,87;4,67;6,16;0,79;0,21;0,69;1,69;16,13;3.920,00
TOTS3;25,07;0,73;55,72;5,73;4,02;67,94;14,46;11,21;43,19;40,45;-2,74;-0,36;6,25;12,49;-8,30;2,66;10,29;7,21;8,67;0,70;0,30;0,64;5,18;-4,33;109.635.384,38
TOYB3;2,29;;-43,94;-4,97;4,03;24,06;-10,70;-10,96;-45,00;-47,62;-0,63;;4,81;-5,93;-11,89;0,49;11,31;-9,18;11,93;-0,81;1,81;0,84;-33,11;;
TOYB4;2,50;;-47,96;-5,43;4,40;24,06;-10,70;-10,96;-49,12;-47,62;-0,63;;5,26;-6,47;-12,98;0,49;11,31;-9,18;11,93;-0,81;1,81;0,84;-33,11;;
TPIS3;1,37;;-1,30;0,33;0,07;11,06;-4,85;-18,14;-4,85;-41,61;-36,76;2,50;0,24;-0,27;-0,07;0,22;-25,44;-5,05;-5,29;0,20;0,80;0,28;-10,51;;1.290.724,86
TRIS3;14,20;1,51;17,03;2,35;1,42;36,88;21,73;19,73;15,45;14,87;-0,59;-0,09;3,36;2,70;-6,03;3,18;13,81;8,33;10,83;0,60;0,40;0,42;16,63;31,43;29.317.742,62
TRPL3;25,25;7,49;9,09;1,31;0,80;69,74;70,49;54,17;6,99;7,19;0,93;0,17;4,92;8,07;-0,98;2,21;14,38;8,83;12,40;0,61;0,39;0,16;24,55;36,20;115.441,17
TRPL4;20,95;9,02;7,54;1,09;0,67;69,74;70,49;54,17;5,80;7,19;0,93;0,17;4,09;6,69;-0,81;2,21;14,38;8,83;12,40;0,61;0,39;0,16;24,55;36,20;38.634.494,62
TUPY3;19,39;;-309,69;1,16;0,44;17,22;6,84;-0,18;8,21;11,16;2,95;0,42;0,56;1,65;-0,98;1,95;-0,38;-0,14;5,04;0,38;0,62;0,79;10,64;25,61;17.753.347,28
TXRX3;143,89;;132,08;-2,06;3.275,69;29,54;5,54;4,56;108,74;79,53;37,11;;6,03;-2,30;-4,92;0,19;-1,56;2.480,01;-6,30;-1.589,62;2.589,62;543,49;3,62;;516.158,00
TXRX4;10,53;;9,67;-0,15;239,72;29,54;5,54;4,56;7,96;79,53;37,11;;0,44;-0,17;-0,36;0,19;-1,56;2.480,01;-6,30;-1.589,62;2.589,62;543,49;3,62;;1.260.454,86
UCAS3;4,56;9,71;20,22;1,88;1,46;39,56;11,07;10,22;18,68;16,14;-2,54;-0,26;2,07;4,46;-2,97;2,82;9,30;7,22;6,49;0,78;0,22;0,71;-9,32;;784.017,28
UGPA3;18,51;2,38;62,68;2,17;0,63;6,76;1,50;0,37;15,26;24,66;9,40;1,34;0,23;2,13;-1,15;2,78;3,47;1,00;3,57;0,29;0,71;2,72;5,68;-20,28;131.269.079,52
UNIP3;29,85;1,32;130,91;2,05;0,73;26,07;10,56;0,71;8,78;;0,87;0,20;0,93;8,44;-1,10;1,34;1,57;0,55;11,97;0,35;0,65;0,78;31,46;21,32;1.032.091,31
UNIP5;28,56;2,50;125,26;1,96;0,69;26,07;10,56;0,71;8,40;;0,87;0,20;0,89;8,08;-1,05;1,34;1,57;0,55;11,97;0,35;0,65;0,78;31,46;21,32;38.530,15
UNIP6;24,91;1,74;109,25;1,71;0,61;26,07;10,56;0,71;7,32;;0,87;0,20;0,77;7,04;-0,92;1,34;1,57;0,55;11,97;0,35;0,65;0,78;31,46;21,32;4.161.515,76
USIM3;8,13;0,49;-82,45;0,65;0,38;12,42;6,63;-0,81;10,09;;3,52;0,23;0,67;1,54;-0,59;3,26;-0,79;-0,46;4,23;0,58;0,42;0,56;4,95;12,56;2.725.324,24
USIM5;7,43;0,58;-75,35;0,60;0,35;12,42;6,63;-0,81;9,22;;3,52;0,23;0,61;1,40;-0,53;3,26;-0,79;-0,46;4,23;0,58;0,42;0,56;4,95;12,56;167.257.264,55
USIM6;9,50;0,46;-96,34;0,76;0,44;12,42;6,63;-0,81;11,79;;3,52;0,23;0,78;1,80;-0,68;3,26;-0,79;-0,46;4,23;0,58;0,42;0,56;4,95;12,56;1.900,00
VALE3;56,97;2,48;-198,92;1,74;0,68;42,73;11,19;-1,02;18,07;20,25;2,18;0,21;2,02;6,92;-0,90;1,72;-0,88;-0,34;4,99;0,39;0,61;0,34;12,46;;1.345.366.923,17
VIVA3;22,22;0,76;18,95;4,73;2,87;70,18;33,57;28,98;16,36;15,81;-0,54;-0,16;5,49;6,49;-8,51;3,00;24,98;15,14;22,53;0,61;0,39;0,52;;;42.796.413,21
VIVR3;1,93;;-0,54;-0,81;0,23;25,79;125,50;163,73;-0,70;-1,86;-1,16;;;-0,47;-0,38;0,44;149,67;-43,41;-307,04;-0,29;1,29;-0,27;;;3.427.675,14
VIVT3;48,99;5,52;17,21;1,16;0,75;49,70;16,33;10,91;11,50;12,57;1,10;0,11;1,88;41,93;-0,93;1,10;6,76;4,38;6,78;0,65;0,35;0,40;4,81;0,26;4.659.146,31
VIVT4;48,85;6,08;17,17;1,16;0,75;49,70;16,33;10,91;11,46;12,57;1,10;0,11;1,87;41,81;-0,93;1,10;6,76;4,38;6,78;0,65;0,35;0,40;4,81;0,26;139.857.500,66
VLID3;11,25;6,22;19,71;0,64;0,28;21,29;6,31;1,99;6,21;12,32;6,11;0,63;0,39;1,69;-0,48;1,67;3,23;1,43;4,81;0,44;0,56;0,72;9,15;-13,37;12.224.978,93
VSPT3;0,00;;0,00;0,00;0,00;8,23;2,67;-2,36;0,00;-1,07;-1,07;-0,01;0,00;0,00;0,00;0,55;-1,22;-0,65;0,69;0,53;0,47;0,28;10,01;;
VSPT4;0,00;;0,00;0,00;0,00;8,23;2,67;-2,36;0,00;-1,07;-1,07;-0,01;0,00;0,00;0,00;0,55;-1,22;-0,65;0,69;0,53;0,47;0,28;10,01;;
VULC3;5,61;;10,96;1,25;1,00;34,41;9,14;9,69;11,61;11,13;-0,48;-0,05;1,06;2,11;-2,47;4,78;11,40;9,10;9,76;0,80;0,20;0,94;5,57;;6.372.535,00
VVAR3;17,62;;-20,42;43,90;1,18;29,39;-3,69;-5,37;-29,75;;-3,78;5,58;1,10;-8,03;-2,35;0,77;-214,98;-5,76;-24,20;0,03;0,97;1,07;2,50;;1.366.743.089,41
WEGE3;54,70;0,74;64,56;11,62;6,61;29,68;14,15;12,59;57,41;57,20;-0,22;-0,04;8,12;20,32;-16,96;2,14;17,99;10,24;14,47;0,57;0,43;0,81;11,23;11,15;227.784.944,97
WHRL3;6,90;21,60;6,77;3,16;1,33;17,49;7,40;19,10;17,46;15,97;-1,81;-0,33;1,29;5,75;-5,60;1,43;46,68;19,64;9,29;0,42;0,58;1,03;-4,33;20,00;198.102,17
WHRL4;7,30;23,87;7,16;3,34;1,41;17,49;7,40;19,10;18,47;15,97;-1,81;-0,33;1,37;6,08;-5,93;1,43;46,68;19,64;9,29;0,42;0,58;1,03;-4,33;20,00;552.594,59
WIZS3;10,90;6,14;7,99;7,02;2,66;72,14;52,11;31,28;4,80;4,51;-0,29;-0,42;2,50;-20,45;-3,82;0,70;87,80;33,25;92,92;0,38;0,62;1,06;19,97;21,33;11.316.585,00
WLMM3;11,90;2,69;8,23;1,01;0,81;12,74;5,47;4,78;7,19;8,78;-0,37;-0,05;0,39;2,77;-1,34;3,82;12,24;9,84;11,33;0,80;0,20;2,06;4,61;32,46;4.215,93
WLMM4;17,85;1,97;12,35;1,51;1,22;12,74;5,47;4,78;10,78;8,78;-0,37;-0,05;0,59;4,16;-2,01;3,82;12,24;9,84;11,33;0,80;0,20;2,06;4,61;32,46;36.372,96
WSON33;43,88;2,59;50,02;1,37;0,58;44,15;17,95;3,85;10,73;17,55;6,82;0,87;1,93;10,10;-0,70;1,55;2,74;1,17;4,04;0,43;0,57;0,30;1,52;4,05;2.047.131,97
YDUQ3;35,55;1,43;19,17;3,35;1,44;57,55;24,01;16,12;12,87;13,98;1,11;0,29;3,09;4,67;-2,55;3,41;17,50;7,51;12,43;0,43;0,57;0,47;8,38;12,26;139.003.093,45
